{"stats":{"minecraft:custom":{"lootr:looted_stat":46,"minecraft:interact_with_crafting_table":73,"minecraft:open_barrel":10,"minecraft:eat_cake_slice":1,"minecraft:leave_game":4,"minecraft:time_since_death":133880,"minecraft:sprint_one_cm":2565294,"minecraft:damage_blocked_by_shield":21,"minecraft:drop":1595,"minecraft:play_noteblock":10,"minecraft:talked_to_villager":171,"minecraft:play_time":747066,"minecraft:deaths":38,"minecraft:jump":9276,"minecraft:walk_on_water_one_cm":101991,"minecraft:interact_with_furnace":70,"minecraft:traded_with_villager":170,"minecraft:sleep_in_bed":36,"minecraft:waystone_activated":6,"tombstone:sneak_grave":1,"minecraft:damage_dealt":41338,"minecraft:player_kills":6,"minecraft:crouch_one_cm":34661,"tombstone:undead_killed":46,"minecraft:interact_with_smoker":13,"minecraft:inspect_dispenser":1,"minecraft:interact_with_smithing_table":1,"minecraft:mob_kills":178,"minecraft:damage_dealt_resisted":2203,"minecraft:climb_one_cm":24811,"minecraft:walk_one_cm":793388,"minecraft:damage_dealt_absorbed":120,"minecraft:sneak_time":29139,"minecraft:walk_under_water_one_cm":70540,"minecraft:boat_one_cm":321,"minecraft:interact_with_blast_furnace":3,"minecraft:total_world_time":747066,"tombstone:raider_killed":3,"minecraft:interact_with_grindstone":1,"minecraft:interact_with_stonecutter":1,"minecraft:time_since_rest":63433,"minecraft:damage_taken":2147483647,"minecraft:trigger_trapped_chest":5,"minecraft:swim_one_cm":229851,"minecraft:fly_one_cm":3100335,"minecraft:open_chest":361,"minecraft:fish_caught":38,"minecraft:fall_one_cm":817320},"minecraft:picked_up":{"regions_unexplored:small_oak_log":17,"ars_nouveau:caster_tome":3,"minecraft:iron_chestplate":2,"chococraft:loverly_gysahl_green":2,"minecraft:wheat":326,"minecraft:flower_pot":1,"aquaculture:catfish":1,"minecraft:yellow_wool":3,"gamma_beasts:fur":6,"minecraft:diamond_sword":1,"minecraft:oak_stairs":2,"minecraft:acacia_pressure_plate":2,"minecraft:enchanted_book":64,"iceandfire:manuscript":1,"minecraft:string":5,"aquaculture:muskellunge":2,"minecraft:iron_leggings":56,"minecraft:pufferfish":2,"minecraft:experience_bottle":3,"spartanweaponry:bolt":24,"minecraft:diamond_leggings":2,"minecraft:red_sand":3,"minecraft:gold_nugget":578,"minecraft:cobbled_deepslate":3858,"minecraft:spruce_planks":8,"artifacts:aqua_dashers":2,"rpgsmw:rawmiphrilignot":4,"minecraft:acacia_fence_gate":1,"minecraft:iron_pickaxe":4,"minecraft:coal_block":16,"minecraft:mangrove_log":2,"minecraft:iron_boots":3,"minecraft:stick":182,"minecraft:jungle_door":1,"minecraft:torch":37,"minecraft:acacia_log":27,"minecraft:green_bed":6,"minecraft:spruce_stairs":2,"iceandfire:lightning_dragon_flesh":4,"gemsnjewels:opal":1,"iceandfire:crackled_gravel":4,"tombstone:grave_dust":5,"enemyexpansion:meathead_helmet":1,"regions_unexplored:barley":125,"minecraft:rotten_flesh":74,"minecraft:tropical_fish":2,"artifacts:villager_hat":2,"regions_unexplored:mauve_log":1,"gamma_beasts:coal_nugget":3,"reliquary:mob_charm_fragment":4,"chococraft:chocobo_drumstick_raw":5,"rpgsmw:edmantium":1,"minecraft:cod":7,"minecraft:cobblestone":156,"minecraft:feather":24,"minecraft:water_bucket":2,"minecraft:jungle_log":1,"minecraft:black_bed":2,"minecraft:potato":2,"paraglider:spirit_orb":2,"minecraft:tuff":156,"onlyhammers:obsidian_hammer":2,"minecraft:acacia_boat":1,"skilltree:gem":45,"minecraft:lapis_lazuli":7,"better_fishing_rods:epic_enchantment_book":3,"minecraft:dirt":48,"minecraft:lantern":2,"born_in_chaos_v1:monster_skin":2,"minecraft:leather_boots":1,"better_fishing_rods:common_enchantment_book":9,"minecraft:bone":28,"minecraft:acacia_planks":1,"minecraft:bow":2,"minecraft:wheat_seeds":1305,"minecraft:raw_gold":7,"minecraft:fletching_table":4,"minecraft:diamond_helmet":1,"minecraft:bamboo":14,"minecraft:oak_planks":54,"epicsamurai:raw_silver":8,"iceandfire:dragonscales_amythest":7,"minecraft:ghast_tear":6,"aquaculture:gar":2,"iceandfire:dragon_skull_fire":2,"gamma_beasts:palm_tree_log":3,"minecraft:sand":22,"sophisticatedbackpacks:iron_backpack":5,"minecraft:ink_sac":3,"minecraft:acacia_stairs":1,"minecraft:mossy_cobblestone":1,"epicsamurai:straw_hat":1,"minecraft:iron_hoe":1,"minecraft:bundle":3,"minecraft:spruce_fence_gate":3,"regions_unexplored:hyssop":4,"reliquary:angelic_feather":1,"minecraft:diamond":39,"minecraft:bone_meal":1,"minecraft:bread":5,"minecraft:emerald":101,"minecraft:dark_oak_fence":1,"alexsmobs:maggot":5,"born_in_chaos_v1:rotten_fish":2,"minecraft:oak_sapling":139,"minecraft:netherrack":320,"iceandfire:silver_nugget":20,"minecraft:fishing_rod":1,"iceandfire:dragon_skull_lightning":1,"born_in_chaos_v1:diamond_termite_shard":8,"minecraft:chicken":1,"born_in_chaos_v1:seedof_chaos":2,"minecraft:wooden_pickaxe":2,"minecraft:shield":2,"ars_nouveau:archwood_planks":34,"minecraft:moss_carpet":38,"better_fishing_rods:lucky_pad_fragment":7,"minecraft:item_frame":14,"epicsamurai:jade":13,"minecraft:iron_shovel":1,"minecraft:blue_orchid":1,"minecraft:candle":3,"aquaculture:bluegill":3,"spartanweaponry:iron_longbow":1,"minecraft:beef":3,"alexsmobs:elastic_tendon":2,"onlyhammers:stone_hammer":1,"minecraft:lectern":93,"biomesoplenty:wildflower":4,"minecraft:chest":5,"minecraft:raw_iron":43,"iceandfire:dragonbone":9,"ars_nouveau:purple_archwood_log":1,"minecraft:stone":3,"aquaculture:driftwood":1,"aquaculture:perch":4,"ars_nouveau:blue_archwood_log":12,"minecraft:white_dye":1,"farmersdelight:tomato_seeds":8,"minecraft:cookie":8,"born_in_chaos_v1:pieceofdarkmetal":24,"iceandfire:armor_copper_metal_boots":5,"iceandfire:deathworm_chitin_white":44,"minecraft:redstone":37,"iceandfire:deathworm_egg_giant":1,"better_fishing_rods:villager_fishing_rod":1,"minecraft:stone_pressure_plate":1,"alexsmobs:crocodile_scute":2,"minecraft:dark_oak_planks":1,"minecraft:tnt":1,"better_fishing_rods:legendary_enchantment_book":1,"minecraft:arrow":24,"minecraft:diamond_chestplate":1,"regions_unexplored:mauve_sapling":1,"minecraft:beetroot_seeds":1,"minecraft:peony":2,"minecraft:diamond_boots":2,"minecraft:hay_block":25,"sophisticatedbackpacks:copper_backpack":3,"aquaculture:carp":2,"minecraft:gold_ingot":1,"minecraft:saddle":10,"artifacts:pocket_piston":1,"enemyexpansion:troll_molar":1,"minecraft:mutton":6,"minecraft:white_wool":3,"minecraft:skeleton_skull":1,"minecraft:rail":3,"born_in_chaos_v1:fused_bone":2,"born_in_chaos_v1:corpse_maggot":115,"born_in_chaos_v1:monster_flesh":2,"minecraft:glow_ink_sac":3,"minecraft:tripwire_hook":1,"minecraft:salmon":7,"minecraft:leather":3,"alexsmobs:acacia_blossom":2,"minecraft:oak_log":495,"minecraft:chainmail_chestplate":1,"minecraft:gunpowder":1,"minecraft:yellow_bed":12,"iceandfire:armor_copper_metal_helmet":1,"artifacts:cloud_in_a_bottle":1,"farmersdelight:flint_knife":2,"regions_unexplored:small_oak_sapling":6,"chococraft:chocobo_feather":4,"minecraft:smooth_sandstone":3,"chococraft:gysahl_green":45,"minecraft:apple":15,"minecraft:cooked_chicken":2,"minecraft:spruce_wood":4,"minecraft:iron_ingot":24,"minecraft:cobweb":7,"artifacts:kitty_slippers":1,"minecraft:tall_grass":4,"aquaculture:minnow":31,"epicsamurai:aquamarine":4,"minecraft:iron_sword":3,"minecraft:acacia_sapling":9,"minecraft:dark_oak_stairs":1,"minecraft:book":119,"minecraft:scaffolding":2,"epicsamurai:onyx":2,"minecraft:oak_slab":2,"aquaculture:smallmouth_bass":2,"iceandfire:copper_nugget":50,"minecraft:dark_oak_slab":2,"minecraft:red_wool":2,"born_in_chaos_v1:ethereal_spirit":8,"minecraft:dandelion":1,"minecraft:gravel":1,"chococraft:gysahl_green_seeds":22,"minecraft:blast_furnace":1,"minecraft:white_bed":14,"minecraft:spruce_log":1,"minecraft:spider_eye":2,"better_fishing_rods:lucky_pad":3,"minecraft:firework_rocket":2,"minecraft:slime_ball":8,"regions_unexplored:fireweed":12,"minecraft:polished_diorite":1,"better_fishing_rods:rare_enchantment_book":6,"minecraft:stone_axe":1,"minecraft:iron_helmet":6,"minecraft:gray_wool":1,"gamma_beasts:salmon_steak":4,"minecraft:black_wool":1,"minecraft:coal":8},"minecraft:crafted":{"minecraft:black_dye":7,"minecraft:oak_planks":1996,"epicsamurai:silver_ingot":2,"ars_nouveau:archwood_planks":16,"minecraft:stone":1,"minecraft:bookshelf":8,"minecraft:cooked_mutton":33,"aquaculture:fish_fillet_raw":77,"minecraft:diamond_helmet":1,"minecraft:diamond_leggings":1,"minecraft:iron_boots":1,"minecraft:chest":9,"minecraft:emerald":146,"minecraft:diamond_axe":1,"minecraft:crafting_table":3,"minecraft:spruce_planks":20,"minecraft:acacia_slab":36,"minecraft:iron_helmet":1,"minecraft:fletching_table":2,"better_fishing_rods:lucky_fishing_rod":1,"minecraft:gold_block":8,"minecraft:lectern":8,"minecraft:charcoal":6,"minecraft:iron_chestplate":2,"minecraft:diamond_pickaxe":1,"minecraft:stick":3816,"minecraft:iron_ingot":5,"minecraft:iron_pickaxe":1,"minecraft:gold_ingot":60,"onlyhammers:stone_hammer":1,"minecraft:coal":144,"minecraft:fishing_rod":1,"minecraft:yellow_bed":1,"regions_unexplored:mauve_planks":4,"minecraft:iron_axe":1,"minecraft:diamond_boots":1,"aquaculture:fish_fillet_cooked":73,"minecraft:wheat":225,"minecraft:diamond_sword":1,"minecraft:iron_sword":2,"minecraft:bucket":1,"minecraft:enchanted_book":24,"minecraft:bread":28,"minecraft:acacia_boat":1,"minecraft:air":0,"gamma_beasts:palm_tree_planks":12,"minecraft:wooden_axe":2,"minecraft:white_bed":2,"minecraft:acacia_planks":108,"minecraft:torch":64,"minecraft:diamond_chestplate":1},"minecraft:dropped":{"sophisticatedbackpacks:iron_backpack":4,"minecraft:iron_sword":3,"minecraft:dark_oak_stairs":1,"minecraft:glow_ink_sac":3,"minecraft:diamond":4,"better_fishing_rods:lucky_pad_fragment":1,"onlyhammers:stone_hammer":1,"minecraft:cookie":4,"artifacts:cloud_in_a_bottle":1,"minecraft:black_bed":2,"minecraft:leather":3,"aquaculture:minnow":12,"minecraft:red_wool":1,"born_in_chaos_v1:pieceofdarkmetal":8,"minecraft:saddle":7,"minecraft:emerald":18,"minecraft:dark_oak_fence":1,"epicsamurai:jade":7,"iceandfire:armor_copper_metal_boots":4,"minecraft:iron_pickaxe":5,"minecraft:dark_oak_planks":1,"epicsamurai:aquamarine":4,"regions_unexplored:mauve_sapling":1,"minecraft:bone":3,"minecraft:cobbled_deepslate":2762,"alexscaves:cave_tablet":8,"minecraft:wheat":822,"born_in_chaos_v1:ethereal_spirit":6,"minecraft:rotten_flesh":28,"artifacts:villager_hat":2,"minecraft:oak_planks":3,"iceandfire:crackled_gravel":3,"ars_nouveau:archwood_slab":4,"enemyexpansion:meathead_helmet":1,"alexsmobs:elastic_tendon":2,"minecraft:beetroot_seeds":1,"born_in_chaos_v1:corpse_maggot":55,"minecraft:acacia_sapling":3,"iceandfire:deathworm_chitin_white":22,"minecraft:arrow":2,"minecraft:scaffolding":1,"minecraft:netherrack":192,"minecraft:lectern":4,"iceandfire:manuscript":2,"farmersdelight:tomato_seeds":3,"minecraft:enchanted_book":46,"minecraft:water_bucket":1,"minecraft:iron_ingot":58,"minecraft:bread":4,"minecraft:oak_slab":2,"epicsamurai:raw_silver":8,"regions_unexplored:fireweed":6,"minecraft:wheat_seeds":360,"reliquary:mob_charm_fragment":1,"minecraft:diamond_leggings":2,"minecraft:iron_helmet":2,"minecraft:book":30,"minecraft:torch":25,"skilltree:gem":21,"minecraft:diamond_helmet":1,"minecraft:iron_leggings":128,"ars_nouveau:caster_tome":1,"minecraft:moss_carpet":22,"chococraft:chocobo_feather":2,"artifacts:aqua_dashers":1,"minecraft:tuff":119,"born_in_chaos_v1:rotten_fish":1,"minecraft:tall_grass":2,"minecraft:iron_boots":2,"regions_unexplored:hyssop":1,"iceandfire:armor_copper_metal_helmet":2,"reliquary:angelic_feather":1,"minecraft:stone":3,"minecraft:diamond_chestplate":1,"minecraft:bundle":1,"minecraft:spruce_planks":19,"minecraft:iron_chestplate":3,"minecraft:diamond_boots":2,"minecraft:slime_ball":6,"sophisticatedbackpacks:copper_backpack":3},"minecraft:killed_by":{"enemyexpansion:meature":1,"born_in_chaos_v1:scarlet_persecutor":1,"iceandfire:fire_dragon":2,"iceandfire:gorgon":1,"iceandfire:lightning_dragon":1},"minecraft:broken":{"minecraft:iron_boots":1,"minecraft:iron_leggings":2,"minecraft:iron_axe":1},"minecraft:used":{"minecraft:moss_carpet":2,"minecraft:red_sand":2,"minecraft:chest":14,"minecraft:shield":1,"minecraft:iron_sword":670,"minecraft:rotten_flesh":1,"better_fishing_rods:lucky_fishing_rod":10,"minecraft:mutton":6,"iceandfire:crackled_gravel":1,"minecraft:item_frame":8,"minecraft:scaffolding":1,"minecraft:oak_sapling":36,"aquaculture:fish_fillet_cooked":73,"minecraft:potato":4,"minecraft:diamond_boots":1,"minecraft:chorus_fruit":3,"minecraft:oak_planks":3,"minecraft:diamond_axe":592,"minecraft:sand":19,"gamma_beasts:salmon_steak":4,"minecraft:blast_furnace":1,"born_in_chaos_v1:monster_flesh":1,"minecraft:bread":74,"minecraft:lectern":97,"minecraft:gravel":1,"minecraft:diamond_sword":408,"born_in_chaos_v1:rotten_fish":1,"iceandfire:dragon_skull_fire":1,"chococraft:gysahl_green":49,"minecraft:experience_bottle":7,"minecraft:cobweb":1,"born_in_chaos_v1:ethereal_spirit":1,"onlyhammers:obsidian_hammer":4280,"minecraft:spruce_planks":1,"minecraft:torch":76,"minecraft:dirt":38,"spartanweaponry:iron_longbow":1,"minecraft:polished_diorite":1,"chococraft:chocobo_drumstick_raw":2,"minecraft:wooden_axe":15,"minecraft:iron_axe":221,"tombstone:gift":5,"minecraft:stone_pressure_plate":1,"minecraft:acacia_planks":1,"minecraft:cobbled_deepslate":90,"minecraft:iron_leggings":23,"minecraft:wheat_seeds":83,"minecraft:cooked_mutton":32,"minecraft:acacia_boat":1,"minecraft:water_bucket":9,"minecraft:fletching_table":6,"minecraft:green_bed":6,"minecraft:spruce_fence_gate":1,"minecraft:mossy_cobblestone":1,"minecraft:crafting_table":3,"minecraft:white_bed":16,"biomesoplenty:wildflower":1,"tombstone:bag_of_seeds":2,"minecraft:black_wool":1,"minecraft:acacia_stairs":1,"minecraft:diamond_pickaxe":21,"minecraft:apple":6,"chococraft:gysahl_green_seeds":18,"minecraft:iron_pickaxe":199,"minecraft:acacia_fence_gate":1,"minecraft:stone_axe":44,"minecraft:fishing_rod":70,"minecraft:cobblestone":43,"minecraft:acacia_pressure_plate":1,"minecraft:jungle_door":1,"minecraft:bucket":9,"minecraft:yellow_bed":12,"minecraft:gray_wool":1,"minecraft:diamond_leggings":1,"better_fishing_rods:villager_fishing_rod":1},"minecraft:mined":{"minecraft:dark_oak_planks":1,"minecraft:spruce_planks":7,"minecraft:white_bed":14,"iceandfire:copper_pile":4,"minecraft:potted_blue_orchid":1,"minecraft:red_sand":3,"minecraft:acacia_log":20,"minecraft:grass_block":9,"sophisticatedbackpacks:iron_backpack":1,"minecraft:coal_block":16,"minecraft:acacia_pressure_plate":2,"minecraft:spawner":1,"epicsamurai:deepslate_jade_ore":2,"minecraft:cobbled_deepslate":28,"minecraft:moss_carpet":2,"minecraft:fletching_table":4,"minecraft:deepslate_lapis_ore":1,"minecraft:dark_oak_stairs":1,"chococraft:gysahl_green":18,"iceandfire:gold_pile":65,"minecraft:oak_stairs":2,"epicsamurai:deepslate_silver_ore":4,"minecraft:spruce_wood":4,"minecraft:green_bed":6,"minecraft:deepslate_redstone_ore":8,"biomesoplenty:wildflower":1,"born_in_chaos_v1:infected_deepslate_diamond_ore":4,"minecraft:torch":2,"minecraft:blast_furnace":1,"minecraft:chest":5,"minecraft:dead_bush":1,"minecraft:cobblestone":12,"minecraft:oak_planks":7,"minecraft:wall_torch":6,"minecraft:skeleton_skull":1,"regions_unexplored:hyssop":3,"farmersdelight:sandy_shrub":1,"minecraft:dark_oak_slab":1,"gemsnjewels:opal_deepslate_ore_block":1,"minecraft:yellow_wool":3,"minecraft:wheat":39,"minecraft:black_bed":1,"minecraft:tnt":1,"gamma_beasts:palm_tree_log":3,"minecraft:grass":99,"minecraft:oak_log":431,"minecraft:sand":20,"minecraft:dirt":18,"minecraft:deepslate":3653,"minecraft:oak_leaves":47,"minecraft:tuff":231,"biomesoplenty:watergrass":2,"epicsamurai:deepslate_onyx_ore":2,"minecraft:mossy_cobblestone":4,"minecraft:deepslate_diamond_ore":22,"regions_unexplored:barley":146,"minecraft:candle":1,"biomesoplenty:desert_grass":8,"born_in_chaos_v1:infected_diamond_ore":1,"minecraft:dark_oak_fence":2,"minecraft:hay_block":25,"minecraft:acacia_stairs":1,"minecraft:peony":2,"minecraft:bookshelf":18,"minecraft:vine":3,"minecraft:deepslate_iron_ore":4,"biomesoplenty:barley":105,"regions_unexplored:medium_grass":23,"minecraft:bamboo":1,"regions_unexplored:small_oak_log":17,"minecraft:stone":29,"minecraft:oak_slab":1,"minecraft:scaffolding":1,"minecraft:acacia_leaves":3,"minecraft:glass_pane":2,"epicsamurai:deepslate_aquamarine_ore":4,"minecraft:smooth_sandstone":3,"minecraft:lectern":91,"minecraft:tall_grass":3,"regions_unexplored:mauve_log":3,"minecraft:deepslate_gold_ore":7,"minecraft:air":135,"minecraft:spruce_stairs":2,"farmersdelight:wild_beetroots":1,"ars_nouveau:blue_archwood_log":4,"minecraft:spruce_log":1,"minecraft:bee_nest":1,"minecraft:yellow_bed":13,"minecraft:coal_ore":9,"iceandfire:silver_pile":6,"minecraft:gravel":1,"minecraft:cobweb":2,"minecraft:acacia_planks":1,"minecraft:spruce_fence_gate":1,"minecraft:fern":3},"minecraft:killed":{"born_in_chaos_v1:zombie_lumberjack":1,"born_in_chaos_v1:restless_spirit":1,"enemyexpansion:equestrian":2,"minecraft:spider":5,"alexsmobs:murmur":1,"born_in_chaos_v1:baby_skeleton_minion":2,"born_in_chaos_v1:scarlet_persecutor":1,"minecraft:skeleton":21,"born_in_chaos_v1:skeleton_thrasher":1,"minecraft:silverfish":1,"enemyexpansion:vampflyer":1,"artifacts:mimic":3,"epicsamurai:enenra":1,"born_in_chaos_v1:bonescaller":1,"born_in_chaos_v1:diamond_termite":8,"minecraft:sheep":4,"minecraft:pillager":2,"enemyexpansion:meature":7,"minecraft:zombie":12,"born_in_chaos_v1:dread_hound":4,"enemyexpansion:vampire":3,"born_in_chaos_v1:corpse_fly":34,"enemyexpansion:botfly":5,"alexsmobs:fly":3,"iceandfire:lightning_dragon":1,"born_in_chaos_v1:door_knight":1,"enemyexpansion:wasp":1,"minecraft:cow":2,"chococraft:chocobo":3,"minecraft:vindicator":1,"enemyexpansion:goblin_fear":4,"born_in_chaos_v1:zombie_bruiser":1,"born_in_chaos_v1:maggot":13,"epicsamurai:tanuki":1,"iceandfire:deathworm":2,"enemyexpansion:starved":1,"born_in_chaos_v1:fallen_chaos_knight":1,"minecraft:husk":1,"born_in_chaos_v1:swarmer":2,"born_in_chaos_v1:spirit_guide_assistant":1,"minecraft:bat":1,"enemyexpansion:troll":1,"enemyexpansion:sprinter":1,"born_in_chaos_v1:decrepit_skeleton":1,"alexsmobs:crocodile":1,"iceandfire:ghost":5,"enemyexpansion:huntsman":1,"born_in_chaos_v1:nightmare_stalker":1,"enemyexpansion:slugger":1}},"DataVersion":3465}