{"stats":{"minecraft:killed_by":{"iceandfire:gorgon":1},"minecraft:mined":{"minecraft:dark_oak_planks":1,"biomesoplenty:watergrass":2,"minecraft:spruce_planks":7,"minecraft:white_bed":4,"regions_unexplored:barley":146,"minecraft:candle":1,"biomesoplenty:desert_grass":2,"minecraft:potted_blue_orchid":1,"minecraft:grass_block":3,"minecraft:chest":2,"minecraft:acacia_pressure_plate":1,"minecraft:spruce_stairs":2,"farmersdelight:wild_beetroots":1,"farmersdelight:sandy_shrub":1,"minecraft:dark_oak_slab":1,"minecraft:acacia_stairs":1,"gamma_beasts:palm_tree_log":3,"minecraft:dark_oak_stairs":1,"minecraft:grass":25,"minecraft:bookshelf":12,"chococraft:gysahl_green":9,"minecraft:oak_log":5,"minecraft:sand":18,"minecraft:dirt":1,"minecraft:cobweb":1,"minecraft:fern":3,"regions_unexplored:medium_grass":20,"minecraft:spruce_wood":4,"minecraft:oak_leaves":1},"minecraft:dropped":{"farmersdelight:tomato_seeds":3,"minecraft:bread":4,"minecraft:dark_oak_stairs":1,"minecraft:wheat":1,"minecraft:tall_grass":2,"minecraft:rotten_flesh":2,"minecraft:saddle":1,"minecraft:emerald":3,"minecraft:spruce_planks":7,"minecraft:beetroot_seeds":1,"born_in_chaos_v1:corpse_maggot":2,"minecraft:acacia_sapling":3,"minecraft:iron_leggings":91,"minecraft:dark_oak_planks":1},"minecraft:custom":{"minecraft:interact_with_furnace":10,"minecraft:mob_kills":25,"minecraft:interact_with_crafting_table":11,"minecraft:open_barrel":9,"minecraft:interact_with_stonecutter":1,"minecraft:time_since_death":40866,"minecraft:sleep_in_bed":8,"minecraft:climb_one_cm":17133,"minecraft:time_since_rest":1550,"minecraft:sprint_one_cm":483113,"minecraft:walk_one_cm":139599,"minecraft:damage_taken":2147483647,"minecraft:damage_blocked_by_shield":21,"minecraft:drop":109,"minecraft:damage_dealt":5058,"minecraft:play_noteblock":10,"minecraft:swim_one_cm":112005,"minecraft:fly_one_cm":479892,"minecraft:open_chest":47,"minecraft:crouch_one_cm":1488,"minecraft:play_time":136764,"minecraft:deaths":22,"minecraft:sneak_time":3173,"minecraft:walk_under_water_one_cm":23042,"minecraft:jump":2039,"minecraft:walk_on_water_one_cm":27824,"minecraft:interact_with_smoker":1,"minecraft:total_world_time":136764,"minecraft:fall_one_cm":71825},"minecraft:killed":{"epicsamurai:enenra":1,"minecraft:husk":1,"enemyexpansion:equestrian":2,"minecraft:sheep":4,"minecraft:skeleton":7,"alexsmobs:crocodile":1,"minecraft:zombie":1,"born_in_chaos_v1:corpse_fly":3,"minecraft:silverfish":1,"alexsmobs:fly":2,"minecraft:cow":2},"minecraft:crafted":{"minecraft:oak_planks":24,"minecraft:crafting_table":2,"minecraft:spruce_planks":16,"minecraft:iron_sword":1,"minecraft:bread":12,"minecraft:iron_chestplate":1,"gamma_beasts:palm_tree_planks":12,"minecraft:stick":4,"minecraft:chest":1,"minecraft:wooden_axe":2,"minecraft:white_bed":1},"minecraft:used":{"minecraft:chorus_fruit":3,"minecraft:oak_planks":3,"minecraft:chest":3,"minecraft:spruce_planks":1,"minecraft:shield":1,"minecraft:iron_sword":150,"minecraft:rotten_flesh":1,"minecraft:dirt":1,"minecraft:sand":17,"minecraft:mutton":6,"minecraft:crafting_table":2,"gamma_beasts:salmon_steak":4,"minecraft:white_bed":5,"minecraft:wooden_axe":15,"minecraft:acacia_stairs":1,"minecraft:black_wool":1,"chococraft:gysahl_green_seeds":9,"minecraft:bread":16,"minecraft:item_frame":4,"born_in_chaos_v1:rotten_fish":1,"minecraft:acacia_pressure_plate":1,"chococraft:gysahl_green":19,"minecraft:gray_wool":1,"minecraft:experience_bottle":1,"minecraft:cobweb":1,"minecraft:iron_leggings":23},"minecraft:picked_up":{"born_in_chaos_v1:corpse_maggot":2,"minecraft:wheat":1,"minecraft:feather":23,"minecraft:chicken":1,"minecraft:flower_pot":1,"minecraft:salmon":1,"gamma_beasts:fur":6,"minecraft:leather":3,"minecraft:wooden_pickaxe":1,"minecraft:acacia_pressure_plate":1,"minecraft:oak_log":6,"minecraft:shield":2,"minecraft:gunpowder":1,"minecraft:dirt":11,"minecraft:iron_leggings":13,"minecraft:item_frame":4,"minecraft:experience_bottle":1,"minecraft:apple":2,"minecraft:bone":5,"chococraft:gysahl_green":27,"minecraft:blue_orchid":1,"minecraft:wheat_seeds":5,"minecraft:candle":3,"minecraft:spruce_planks":8,"minecraft:spruce_wood":4,"minecraft:beef":3,"minecraft:iron_ingot":2,"minecraft:cooked_chicken":2,"minecraft:cobweb":7,"minecraft:tall_grass":4,"minecraft:iron_pickaxe":1,"biomesoplenty:wildflower":2,"minecraft:chest":2,"minecraft:acacia_sapling":6,"minecraft:dark_oak_stairs":1,"minecraft:book":38,"minecraft:ghast_tear":6,"minecraft:dark_oak_slab":2,"minecraft:spruce_stairs":2,"gamma_beasts:palm_tree_log":3,"minecraft:sand":18,"farmersdelight:tomato_seeds":6,"chococraft:gysahl_green_seeds":9,"minecraft:ink_sac":3,"minecraft:white_bed":4,"minecraft:acacia_stairs":1,"alexsmobs:crocodile_scute":2,"minecraft:dark_oak_planks":1,"regions_unexplored:barley":125,"minecraft:spruce_fence_gate":2,"minecraft:arrow":8,"minecraft:rotten_flesh":6,"minecraft:slime_ball":3,"minecraft:stone_axe":1,"minecraft:beetroot_seeds":1,"minecraft:saddle":2,"minecraft:gray_wool":1,"minecraft:bread":5,"minecraft:gold_ingot":1,"minecraft:emerald":7,"gamma_beasts:salmon_steak":4,"alexsmobs:maggot":4,"born_in_chaos_v1:rotten_fish":1,"minecraft:black_wool":1,"minecraft:mutton":6,"minecraft:white_wool":3}},"DataVersion":3465}