{"stats":{"minecraft:killed":{"enemyexpansion:equestrian":2,"born_in_chaos_v1:maggot":3,"minecraft:skeleton":7,"epicsamurai:tanuki":1,"minecraft:silverfish":1,"iceandfire:deathworm":2,"epicsamurai:enenra":1,"minecraft:husk":1,"born_in_chaos_v1:swarmer":1,"enemyexpansion:sprinter":1,"minecraft:sheep":4,"enemyexpansion:meature":1,"alexsmobs:crocodile":1,"minecraft:zombie":4,"iceandfire:ghost":1,"born_in_chaos_v1:corpse_fly":7,"alexsmobs:fly":3,"enemyexpansion:wasp":1,"minecraft:cow":2,"chococraft:chocobo":3},"minecraft:crafted":{"minecraft:black_dye":7,"minecraft:oak_planks":96,"minecraft:fishing_rod":1,"ars_nouveau:archwood_planks":16,"minecraft:yellow_bed":1,"minecraft:bookshelf":8,"aquaculture:fish_fillet_raw":77,"minecraft:iron_boots":1,"regions_unexplored:mauve_planks":4,"minecraft:chest":4,"aquaculture:fish_fillet_cooked":73,"minecraft:wheat":135,"minecraft:crafting_table":3,"minecraft:spruce_planks":20,"minecraft:acacia_slab":36,"minecraft:iron_helmet":1,"minecraft:iron_sword":2,"better_fishing_rods:lucky_fishing_rod":1,"minecraft:bucket":1,"minecraft:acacia_boat":1,"minecraft:bread":12,"minecraft:lectern":8,"minecraft:iron_chestplate":2,"minecraft:charcoal":6,"gamma_beasts:palm_tree_planks":12,"minecraft:stick":4,"minecraft:iron_ingot":2,"minecraft:wooden_axe":2,"minecraft:white_bed":2,"minecraft:acacia_planks":76,"minecraft:torch":64,"onlyhammers:stone_hammer":1},"minecraft:killed_by":{"iceandfire:gorgon":1},"minecraft:mined":{"minecraft:dark_oak_planks":1,"minecraft:spruce_planks":7,"biomesoplenty:watergrass":2,"minecraft:white_bed":7,"regions_unexplored:barley":146,"minecraft:candle":1,"biomesoplenty:desert_grass":4,"minecraft:potted_blue_orchid":1,"minecraft:dark_oak_fence":2,"minecraft:red_sand":3,"minecraft:acacia_log":12,"minecraft:grass_block":3,"sophisticatedbackpacks:iron_backpack":1,"minecraft:acacia_pressure_plate":1,"minecraft:hay_block":15,"minecraft:acacia_stairs":1,"minecraft:dark_oak_stairs":1,"chococraft:gysahl_green":18,"minecraft:bookshelf":14,"regions_unexplored:medium_grass":20,"minecraft:spruce_wood":4,"minecraft:stone":4,"minecraft:green_bed":6,"minecraft:acacia_leaves":2,"minecraft:scaffolding":1,"minecraft:smooth_sandstone":3,"minecraft:chest":2,"minecraft:dead_bush":1,"minecraft:lectern":3,"minecraft:cobblestone":8,"regions_unexplored:mauve_log":3,"minecraft:oak_planks":1,"minecraft:spruce_stairs":2,"farmersdelight:wild_beetroots":1,"farmersdelight:sandy_shrub":1,"ars_nouveau:blue_archwood_log":4,"minecraft:dark_oak_slab":1,"minecraft:yellow_wool":3,"minecraft:wheat":31,"minecraft:spruce_log":1,"gamma_beasts:palm_tree_log":3,"minecraft:bee_nest":1,"minecraft:grass":42,"minecraft:oak_log":12,"minecraft:gravel":1,"minecraft:sand":20,"minecraft:dirt":11,"minecraft:cobweb":1,"minecraft:acacia_planks":1,"minecraft:fern":3,"minecraft:oak_leaves":3,"minecraft:deepslate":10},"minecraft:custom":{"minecraft:interact_with_smithing_table":1,"minecraft:mob_kills":47,"minecraft:interact_with_crafting_table":41,"minecraft:open_barrel":10,"minecraft:damage_dealt_resisted":320,"minecraft:time_since_death":17336,"minecraft:climb_one_cm":17491,"minecraft:sprint_one_cm":1113113,"minecraft:walk_one_cm":278191,"minecraft:damage_blocked_by_shield":21,"minecraft:drop":371,"minecraft:play_noteblock":10,"minecraft:talked_to_villager":6,"minecraft:play_time":321670,"minecraft:deaths":30,"minecraft:sneak_time":9935,"minecraft:walk_under_water_one_cm":44518,"minecraft:boat_one_cm":321,"minecraft:jump":4822,"minecraft:interact_with_blast_furnace":1,"minecraft:walk_on_water_one_cm":48109,"minecraft:total_world_time":321670,"minecraft:interact_with_furnace":38,"minecraft:interact_with_stonecutter":1,"minecraft:sleep_in_bed":23,"minecraft:waystone_activated":4,"minecraft:time_since_rest":3478,"minecraft:damage_taken":2147483647,"minecraft:trigger_trapped_chest":1,"minecraft:damage_dealt":10673,"minecraft:swim_one_cm":133111,"minecraft:fly_one_cm":1245223,"minecraft:open_chest":132,"minecraft:crouch_one_cm":11156,"minecraft:interact_with_smoker":10,"minecraft:fish_caught":38,"minecraft:fall_one_cm":172540},"minecraft:broken":{"minecraft:iron_boots":1},"minecraft:dropped":{"farmersdelight:tomato_seeds":3,"minecraft:bread":4,"minecraft:iron_ingot":56,"minecraft:dark_oak_stairs":1,"minecraft:glow_ink_sac":3,"better_fishing_rods:lucky_pad_fragment":1,"onlyhammers:stone_hammer":1,"minecraft:cookie":4,"minecraft:iron_helmet":1,"minecraft:leather":3,"minecraft:saddle":1,"minecraft:emerald":3,"minecraft:dark_oak_fence":1,"skilltree:gem":5,"epicsamurai:jade":1,"minecraft:iron_leggings":91,"minecraft:dark_oak_planks":1,"regions_unexplored:mauve_sapling":1,"minecraft:wheat":225,"minecraft:tall_grass":2,"minecraft:rotten_flesh":6,"minecraft:iron_boots":1,"regions_unexplored:hyssop":1,"minecraft:spruce_planks":19,"minecraft:iron_chestplate":1,"minecraft:beetroot_seeds":1,"born_in_chaos_v1:corpse_maggot":2,"minecraft:acacia_sapling":3,"minecraft:scaffolding":1,"iceandfire:manuscript":2},"minecraft:picked_up":{"minecraft:fishing_rod":1,"chococraft:loverly_gysahl_green":2,"minecraft:wheat":77,"minecraft:chicken":1,"minecraft:flower_pot":1,"aquaculture:catfish":1,"minecraft:yellow_wool":3,"gamma_beasts:fur":6,"minecraft:wooden_pickaxe":1,"minecraft:acacia_pressure_plate":1,"minecraft:shield":2,"iceandfire:manuscript":1,"aquaculture:muskellunge":2,"better_fishing_rods:lucky_pad_fragment":7,"minecraft:iron_leggings":14,"minecraft:item_frame":12,"epicsamurai:jade":2,"minecraft:pufferfish":2,"minecraft:experience_bottle":2,"minecraft:blue_orchid":1,"minecraft:candle":3,"minecraft:red_sand":3,"aquaculture:bluegill":3,"minecraft:cobbled_deepslate":28,"minecraft:spruce_planks":8,"minecraft:beef":3,"minecraft:acacia_fence_gate":1,"onlyhammers:stone_hammer":1,"minecraft:iron_pickaxe":1,"minecraft:lectern":3,"biomesoplenty:wildflower":2,"minecraft:chest":2,"minecraft:stick":9,"minecraft:raw_iron":39,"iceandfire:dragonbone":4,"minecraft:jungle_door":1,"minecraft:green_bed":6,"aquaculture:driftwood":1,"minecraft:torch":1,"minecraft:acacia_log":19,"minecraft:spruce_stairs":2,"aquaculture:perch":4,"ars_nouveau:blue_archwood_log":4,"farmersdelight:tomato_seeds":6,"minecraft:cookie":8,"born_in_chaos_v1:pieceofdarkmetal":1,"iceandfire:deathworm_chitin_white":11,"iceandfire:deathworm_egg_giant":1,"better_fishing_rods:villager_fishing_rod":1,"alexsmobs:crocodile_scute":2,"minecraft:dark_oak_planks":1,"regions_unexplored:barley":125,"better_fishing_rods:legendary_enchantment_book":1,"minecraft:arrow":8,"minecraft:rotten_flesh":21,"regions_unexplored:mauve_sapling":1,"minecraft:tropical_fish":2,"minecraft:beetroot_seeds":1,"regions_unexplored:mauve_log":1,"minecraft:hay_block":15,"aquaculture:carp":2,"minecraft:saddle":2,"minecraft:gold_ingot":1,"reliquary:mob_charm_fragment":1,"chococraft:chocobo_drumstick_raw":4,"minecraft:mutton":6,"minecraft:cod":7,"minecraft:cobblestone":128,"minecraft:white_wool":3,"born_in_chaos_v1:fused_bone":2,"born_in_chaos_v1:corpse_maggot":15,"minecraft:feather":23,"minecraft:tripwire_hook":1,"minecraft:glow_ink_sac":3,"minecraft:water_bucket":1,"minecraft:salmon":7,"minecraft:leather":3,"alexsmobs:acacia_blossom":1,"minecraft:oak_log":13,"minecraft:gunpowder":1,"minecraft:acacia_boat":1,"skilltree:gem":13,"farmersdelight:flint_knife":2,"minecraft:dirt":36,"better_fishing_rods:epic_enchantment_book":3,"minecraft:leather_boots":1,"better_fishing_rods:common_enchantment_book":9,"chococraft:chocobo_feather":1,"minecraft:smooth_sandstone":3,"minecraft:bone":8,"minecraft:acacia_planks":1,"chococraft:gysahl_green":45,"minecraft:apple":2,"minecraft:wheat_seeds":86,"minecraft:spruce_wood":4,"minecraft:cooked_chicken":2,"minecraft:iron_ingot":4,"minecraft:cobweb":7,"aquaculture:minnow":13,"minecraft:tall_grass":4,"minecraft:oak_planks":1,"minecraft:acacia_sapling":6,"minecraft:dark_oak_stairs":1,"minecraft:ghast_tear":6,"minecraft:book":46,"minecraft:scaffolding":2,"aquaculture:smallmouth_bass":2,"aquaculture:gar":2,"minecraft:dark_oak_slab":2,"iceandfire:dragon_skull_fire":2,"minecraft:dandelion":1,"minecraft:gravel":1,"minecraft:sand":20,"gamma_beasts:palm_tree_log":3,"chococraft:gysahl_green_seeds":18,"sophisticatedbackpacks:iron_backpack":1,"minecraft:ink_sac":3,"minecraft:white_bed":7,"minecraft:spruce_log":1,"minecraft:acacia_stairs":1,"better_fishing_rods:lucky_pad":3,"epicsamurai:straw_hat":1,"regions_unexplored:hyssop":1,"minecraft:spruce_fence_gate":2,"minecraft:slime_ball":6,"regions_unexplored:fireweed":3,"minecraft:polished_diorite":1,"better_fishing_rods:rare_enchantment_book":6,"minecraft:stone_axe":1,"minecraft:iron_helmet":1,"minecraft:bone_meal":1,"minecraft:gray_wool":1,"minecraft:black_wool":1,"minecraft:emerald":8,"minecraft:bread":5,"gamma_beasts:salmon_steak":4,"born_in_chaos_v1:rotten_fish":1,"alexsmobs:maggot":5,"minecraft:oak_sapling":1,"minecraft:dark_oak_fence":1},"minecraft:used":{"minecraft:red_sand":2,"minecraft:chest":6,"minecraft:spruce_planks":1,"minecraft:shield":1,"minecraft:iron_sword":285,"minecraft:rotten_flesh":1,"minecraft:torch":4,"better_fishing_rods:lucky_fishing_rod":10,"minecraft:dirt":26,"minecraft:mutton":6,"minecraft:polished_diorite":1,"minecraft:wooden_axe":15,"chococraft:chocobo_drumstick_raw":2,"minecraft:item_frame":8,"minecraft:scaffolding":1,"aquaculture:fish_fillet_cooked":51,"minecraft:potato":4,"minecraft:acacia_planks":1,"minecraft:iron_leggings":23,"minecraft:wheat_seeds":27,"minecraft:acacia_boat":1,"minecraft:water_bucket":6,"minecraft:chorus_fruit":3,"minecraft:oak_planks":3,"minecraft:green_bed":6,"minecraft:sand":19,"minecraft:crafting_table":3,"gamma_beasts:salmon_steak":4,"minecraft:white_bed":9,"minecraft:acacia_stairs":1,"minecraft:black_wool":1,"minecraft:bread":16,"chococraft:gysahl_green_seeds":18,"minecraft:iron_pickaxe":27,"minecraft:lectern":3,"minecraft:gravel":1,"minecraft:acacia_fence_gate":1,"minecraft:stone_axe":43,"minecraft:fishing_rod":70,"born_in_chaos_v1:rotten_fish":1,"minecraft:cobblestone":18,"iceandfire:dragon_skull_fire":1,"minecraft:acacia_pressure_plate":1,"minecraft:jungle_door":1,"minecraft:gray_wool":1,"minecraft:bucket":7,"minecraft:yellow_bed":1,"minecraft:experience_bottle":2,"chococraft:gysahl_green":49,"better_fishing_rods:villager_fishing_rod":1,"minecraft:cobweb":1}},"DataVersion":3465}