{"stats":{"minecraft:killed_by":{"iceandfire:gorgon":1},"minecraft:mined":{"minecraft:dark_oak_planks":1,"minecraft:spruce_planks":7,"minecraft:white_bed":1,"regions_unexplored:barley":146,"minecraft:potted_blue_orchid":1,"minecraft:spruce_stairs":1,"farmersdelight:wild_beetroots":1,"farmersdelight:sandy_shrub":1,"minecraft:dark_oak_slab":1,"gamma_beasts:palm_tree_log":3,"minecraft:dark_oak_stairs":1,"minecraft:grass":19,"minecraft:bookshelf":12,"chococraft:gysahl_green":1,"minecraft:oak_log":5,"minecraft:sand":18,"minecraft:cobweb":1,"regions_unexplored:medium_grass":20},"minecraft:dropped":{"minecraft:bread":4,"minecraft:beetroot_seeds":1,"born_in_chaos_v1:corpse_maggot":2,"minecraft:iron_leggings":54},"minecraft:killed":{"enemyexpansion:equestrian":2,"minecraft:sheep":4,"minecraft:skeleton":6,"born_in_chaos_v1:corpse_fly":3,"alexsmobs:fly":2},"minecraft:custom":{"minecraft:interact_with_furnace":8,"minecraft:mob_kills":17,"minecraft:interact_with_crafting_table":6,"minecraft:open_barrel":9,"minecraft:time_since_death":455,"minecraft:sleep_in_bed":4,"minecraft:climb_one_cm":15050,"minecraft:time_since_rest":478,"minecraft:sprint_one_cm":218811,"minecraft:walk_one_cm":67554,"minecraft:damage_taken":2147483647,"minecraft:drop":61,"minecraft:damage_dealt":3380,"minecraft:play_noteblock":10,"minecraft:swim_one_cm":78032,"minecraft:fly_one_cm":165640,"minecraft:open_chest":10,"minecraft:crouch_one_cm":1252,"minecraft:play_time":88764,"minecraft:deaths":14,"minecraft:sneak_time":2765,"minecraft:walk_under_water_one_cm":18373,"minecraft:jump":855,"minecraft:walk_on_water_one_cm":22932,"minecraft:total_world_time":88764,"minecraft:fall_one_cm":30627},"minecraft:crafted":{"minecraft:oak_planks":12,"minecraft:crafting_table":1,"minecraft:iron_sword":1,"minecraft:bread":12,"gamma_beasts:palm_tree_planks":12,"minecraft:stick":4,"minecraft:wooden_axe":2,"minecraft:white_bed":1},"minecraft:used":{"minecraft:chorus_fruit":1,"minecraft:spruce_planks":1,"minecraft:iron_sword":104,"minecraft:rotten_flesh":1,"minecraft:sand":17,"minecraft:mutton":6,"minecraft:crafting_table":1,"gamma_beasts:salmon_steak":4,"minecraft:white_bed":2,"minecraft:wooden_axe":1,"minecraft:black_wool":1,"chococraft:gysahl_green_seeds":1,"minecraft:bread":7,"born_in_chaos_v1:rotten_fish":1,"chococraft:gysahl_green":7,"minecraft:gray_wool":1,"minecraft:cobweb":1,"minecraft:iron_leggings":23},"minecraft:picked_up":{"born_in_chaos_v1:corpse_maggot":2,"minecraft:feather":21,"minecraft:flower_pot":1,"gamma_beasts:fur":6,"minecraft:oak_log":6,"minecraft:shield":1,"minecraft:iron_leggings":7,"minecraft:bone":4,"chococraft:gysahl_green":3,"minecraft:blue_orchid":1,"minecraft:wheat_seeds":3,"minecraft:spruce_planks":8,"minecraft:cobweb":7,"minecraft:dark_oak_stairs":1,"minecraft:book":36,"minecraft:ghast_tear":6,"minecraft:dark_oak_slab":2,"minecraft:spruce_stairs":1,"gamma_beasts:palm_tree_log":3,"minecraft:sand":18,"chococraft:gysahl_green_seeds":1,"minecraft:ink_sac":3,"minecraft:white_bed":1,"minecraft:dark_oak_planks":1,"regions_unexplored:barley":125,"minecraft:spruce_fence_gate":2,"minecraft:arrow":6,"minecraft:rotten_flesh":4,"minecraft:stone_axe":1,"minecraft:beetroot_seeds":1,"minecraft:gray_wool":1,"gamma_beasts:salmon_steak":4,"alexsmobs:maggot":4,"born_in_chaos_v1:rotten_fish":1,"minecraft:black_wool":1,"minecraft:mutton":6,"minecraft:white_wool":3}},"DataVersion":3465}