{"stats":{"minecraft:killed_by":{"iceandfire:gorgon":1},"minecraft:mined":{"minecraft:dark_oak_planks":1,"minecraft:spruce_planks":7,"minecraft:white_bed":4,"regions_unexplored:barley":146,"biomesoplenty:desert_grass":2,"minecraft:potted_blue_orchid":1,"minecraft:grass_block":3,"minecraft:chest":2,"minecraft:spruce_stairs":2,"farmersdelight:wild_beetroots":1,"farmersdelight:sandy_shrub":1,"minecraft:dark_oak_slab":1,"minecraft:acacia_stairs":1,"gamma_beasts:palm_tree_log":3,"minecraft:dark_oak_stairs":1,"minecraft:grass":24,"minecraft:bookshelf":12,"chococraft:gysahl_green":9,"minecraft:oak_log":5,"minecraft:sand":18,"minecraft:dirt":1,"minecraft:cobweb":1,"regions_unexplored:medium_grass":20,"minecraft:oak_leaves":1},"minecraft:dropped":{"farmersdelight:tomato_seeds":3,"minecraft:bread":4,"minecraft:dark_oak_stairs":1,"minecraft:tall_grass":2,"minecraft:saddle":1,"minecraft:emerald":3,"minecraft:spruce_planks":7,"minecraft:beetroot_seeds":1,"born_in_chaos_v1:corpse_maggot":2,"minecraft:acacia_sapling":3,"minecraft:iron_leggings":91,"minecraft:dark_oak_planks":1},"minecraft:killed":{"enemyexpansion:equestrian":2,"minecraft:sheep":4,"minecraft:skeleton":6,"minecraft:zombie":1,"born_in_chaos_v1:corpse_fly":3,"minecraft:silverfish":1,"alexsmobs:fly":2},"minecraft:custom":{"minecraft:interact_with_furnace":9,"minecraft:mob_kills":19,"minecraft:interact_with_crafting_table":8,"minecraft:open_barrel":9,"minecraft:interact_with_stonecutter":1,"minecraft:time_since_death":16866,"minecraft:sleep_in_bed":6,"minecraft:climb_one_cm":16705,"minecraft:time_since_rest":8701,"minecraft:sprint_one_cm":336086,"minecraft:walk_one_cm":110806,"minecraft:damage_taken":2147483647,"minecraft:drop":106,"minecraft:damage_dealt":3681,"minecraft:play_noteblock":10,"minecraft:swim_one_cm":94132,"minecraft:fly_one_cm":298612,"minecraft:open_chest":31,"minecraft:crouch_one_cm":1252,"minecraft:play_time":112764,"minecraft:deaths":22,"minecraft:sneak_time":2875,"minecraft:walk_under_water_one_cm":22698,"minecraft:jump":1364,"minecraft:walk_on_water_one_cm":25566,"minecraft:total_world_time":112764,"minecraft:fall_one_cm":51002},"minecraft:crafted":{"minecraft:oak_planks":24,"minecraft:crafting_table":1,"minecraft:iron_sword":1,"minecraft:bread":12,"gamma_beasts:palm_tree_planks":12,"minecraft:stick":4,"minecraft:chest":1,"minecraft:wooden_axe":2,"minecraft:white_bed":1},"minecraft:used":{"minecraft:chorus_fruit":3,"minecraft:oak_planks":3,"minecraft:chest":3,"minecraft:spruce_planks":1,"minecraft:iron_sword":105,"minecraft:rotten_flesh":1,"minecraft:dirt":1,"minecraft:sand":17,"minecraft:mutton":6,"minecraft:crafting_table":1,"gamma_beasts:salmon_steak":4,"minecraft:white_bed":5,"minecraft:wooden_axe":15,"minecraft:acacia_stairs":1,"minecraft:black_wool":1,"chococraft:gysahl_green_seeds":9,"minecraft:bread":7,"minecraft:item_frame":3,"born_in_chaos_v1:rotten_fish":1,"chococraft:gysahl_green":11,"minecraft:gray_wool":1,"minecraft:cobweb":1,"minecraft:iron_leggings":23},"minecraft:picked_up":{"born_in_chaos_v1:corpse_maggot":2,"minecraft:feather":21,"minecraft:flower_pot":1,"gamma_beasts:fur":6,"minecraft:wooden_pickaxe":1,"minecraft:oak_log":6,"minecraft:shield":2,"minecraft:dirt":11,"minecraft:iron_leggings":13,"minecraft:item_frame":4,"minecraft:bone":5,"chococraft:gysahl_green":27,"minecraft:blue_orchid":1,"minecraft:wheat_seeds":3,"minecraft:spruce_planks":8,"minecraft:iron_ingot":2,"minecraft:cooked_chicken":2,"minecraft:cobweb":7,"minecraft:tall_grass":4,"minecraft:iron_pickaxe":1,"biomesoplenty:wildflower":2,"minecraft:chest":2,"minecraft:acacia_sapling":6,"minecraft:dark_oak_stairs":1,"minecraft:book":38,"minecraft:ghast_tear":6,"minecraft:dark_oak_slab":2,"minecraft:spruce_stairs":2,"gamma_beasts:palm_tree_log":3,"minecraft:sand":18,"farmersdelight:tomato_seeds":6,"chococraft:gysahl_green_seeds":9,"minecraft:ink_sac":3,"minecraft:white_bed":4,"minecraft:acacia_stairs":1,"minecraft:dark_oak_planks":1,"regions_unexplored:barley":125,"minecraft:spruce_fence_gate":2,"minecraft:arrow":7,"minecraft:rotten_flesh":4,"minecraft:slime_ball":3,"minecraft:stone_axe":1,"minecraft:beetroot_seeds":1,"minecraft:saddle":2,"minecraft:gray_wool":1,"minecraft:bread":5,"minecraft:gold_ingot":1,"minecraft:emerald":7,"gamma_beasts:salmon_steak":4,"alexsmobs:maggot":4,"born_in_chaos_v1:rotten_fish":1,"minecraft:black_wool":1,"minecraft:mutton":6,"minecraft:white_wool":3}},"DataVersion":3465}