{"stats":{"minecraft:mined":{"regions_unexplored:barley":146,"minecraft:grass":18,"chococraft:gysahl_green":1,"minecraft:bookshelf":12,"minecraft:oak_log":2,"minecraft:cobweb":1,"regions_unexplored:medium_grass":20},"minecraft:dropped":{"minecraft:bread":4},"minecraft:killed":{"minecraft:sheep":4,"minecraft:skeleton":1,"enemyexpansion:equestrian":2},"minecraft:custom":{"minecraft:time_since_rest":4325,"minecraft:interact_with_furnace":7,"minecraft:sprint_one_cm":63811,"minecraft:damage_taken":600,"minecraft:walk_one_cm":21856,"minecraft:mob_kills":7,"minecraft:drop":4,"minecraft:damage_dealt":1169,"minecraft:play_noteblock":10,"minecraft:swim_one_cm":1340,"minecraft:interact_with_crafting_table":3,"minecraft:fly_one_cm":22681,"minecraft:open_chest":3,"minecraft:crouch_one_cm":570,"minecraft:play_time":16764,"minecraft:sneak_time":2164,"minecraft:walk_under_water_one_cm":5353,"minecraft:jump":125,"minecraft:time_since_death":16764,"minecraft:walk_on_water_one_cm":10598,"minecraft:sleep_in_bed":2,"minecraft:climb_one_cm":8606,"minecraft:total_world_time":16764,"minecraft:fall_one_cm":4403},"minecraft:crafted":{"minecraft:oak_planks":12,"minecraft:iron_sword":1,"minecraft:white_bed":1,"minecraft:bread":12},"minecraft:used":{"chococraft:gysahl_green_seeds":1,"minecraft:bread":4,"minecraft:iron_sword":23,"minecraft:mutton":6,"chococraft:gysahl_green":7,"minecraft:white_bed":1},"minecraft:picked_up":{"minecraft:book":36,"minecraft:oak_log":3,"chococraft:gysahl_green_seeds":1,"minecraft:ink_sac":3,"minecraft:shield":1,"regions_unexplored:barley":125,"minecraft:rotten_flesh":3,"minecraft:bone":1,"minecraft:arrow":1,"chococraft:gysahl_green":3,"minecraft:wheat_seeds":2,"minecraft:gray_wool":1,"minecraft:black_wool":1,"minecraft:mutton":6,"minecraft:white_wool":3}},"DataVersion":3465}