{"stats":{"minecraft:killed_by":{"iceandfire:gorgon":1},"minecraft:mined":{"minecraft:dark_oak_planks":1,"minecraft:spruce_planks":7,"biomesoplenty:watergrass":2,"minecraft:white_bed":6,"regions_unexplored:barley":146,"minecraft:candle":1,"biomesoplenty:desert_grass":3,"minecraft:potted_blue_orchid":1,"minecraft:grass_block":3,"sophisticatedbackpacks:iron_backpack":1,"minecraft:acacia_pressure_plate":1,"minecraft:acacia_stairs":1,"minecraft:dark_oak_stairs":1,"chococraft:gysahl_green":18,"minecraft:bookshelf":12,"regions_unexplored:medium_grass":20,"minecraft:spruce_wood":4,"minecraft:chest":2,"minecraft:spruce_stairs":2,"farmersdelight:wild_beetroots":1,"farmersdelight:sandy_shrub":1,"minecraft:dark_oak_slab":1,"gamma_beasts:palm_tree_log":3,"minecraft:grass":27,"minecraft:oak_log":5,"minecraft:sand":18,"minecraft:dirt":1,"minecraft:cobweb":1,"minecraft:oak_leaves":2,"minecraft:fern":3},"minecraft:dropped":{"farmersdelight:tomato_seeds":3,"minecraft:iron_ingot":37,"minecraft:bread":4,"minecraft:dark_oak_stairs":1,"better_fishing_rods:lucky_pad_fragment":1,"minecraft:iron_helmet":1,"minecraft:leather":3,"minecraft:saddle":1,"minecraft:emerald":3,"minecraft:iron_leggings":91,"minecraft:dark_oak_planks":1,"minecraft:wheat":1,"minecraft:tall_grass":2,"minecraft:rotten_flesh":2,"minecraft:iron_boots":1,"minecraft:spruce_planks":19,"minecraft:iron_chestplate":1,"minecraft:beetroot_seeds":1,"born_in_chaos_v1:corpse_maggot":2,"minecraft:acacia_sapling":3},"minecraft:killed":{"enemyexpansion:equestrian":2,"minecraft:skeleton":7,"minecraft:silverfish":1,"epicsamurai:enenra":1,"minecraft:husk":1,"minecraft:sheep":4,"minecraft:zombie":1,"alexsmobs:crocodile":1,"born_in_chaos_v1:corpse_fly":3,"alexsmobs:fly":2,"minecraft:cow":2},"minecraft:custom":{"minecraft:mob_kills":25,"minecraft:interact_with_crafting_table":22,"minecraft:open_barrel":10,"minecraft:time_since_death":33003,"minecraft:climb_one_cm":17133,"minecraft:sprint_one_cm":595375,"minecraft:walk_one_cm":157608,"minecraft:damage_blocked_by_shield":21,"minecraft:drop":130,"minecraft:play_noteblock":10,"minecraft:talked_to_villager":1,"minecraft:play_time":172764,"minecraft:deaths":24,"minecraft:sneak_time":3952,"minecraft:walk_under_water_one_cm":23149,"minecraft:jump":2513,"minecraft:walk_on_water_one_cm":28336,"minecraft:total_world_time":172764,"minecraft:interact_with_furnace":15,"minecraft:interact_with_stonecutter":1,"minecraft:sleep_in_bed":9,"minecraft:time_since_rest":24708,"minecraft:damage_taken":2147483647,"minecraft:damage_dealt":6037,"minecraft:swim_one_cm":112483,"minecraft:fly_one_cm":618531,"minecraft:open_chest":72,"minecraft:crouch_one_cm":2627,"minecraft:interact_with_smoker":2,"minecraft:fish_caught":13,"minecraft:fall_one_cm":85644},"minecraft:crafted":{"minecraft:oak_planks":24,"minecraft:iron_boots":1,"minecraft:chest":1,"minecraft:crafting_table":2,"minecraft:spruce_planks":16,"minecraft:iron_helmet":1,"minecraft:iron_sword":2,"minecraft:bread":12,"minecraft:iron_chestplate":2,"gamma_beasts:palm_tree_planks":12,"minecraft:stick":4,"minecraft:iron_ingot":2,"minecraft:wooden_axe":2,"minecraft:white_bed":1},"minecraft:used":{"minecraft:spruce_planks":1,"minecraft:chest":3,"minecraft:shield":1,"minecraft:iron_sword":171,"minecraft:rotten_flesh":1,"minecraft:dirt":1,"minecraft:mutton":6,"minecraft:polished_diorite":1,"minecraft:wooden_axe":15,"minecraft:item_frame":8,"minecraft:iron_leggings":23,"minecraft:chorus_fruit":3,"minecraft:oak_planks":3,"minecraft:sand":17,"minecraft:crafting_table":2,"gamma_beasts:salmon_steak":4,"minecraft:white_bed":7,"minecraft:acacia_stairs":1,"minecraft:black_wool":1,"chococraft:gysahl_green_seeds":18,"minecraft:bread":16,"minecraft:fishing_rod":27,"born_in_chaos_v1:rotten_fish":1,"minecraft:acacia_pressure_plate":1,"chococraft:gysahl_green":38,"minecraft:gray_wool":1,"better_fishing_rods:villager_fishing_rod":1,"minecraft:cobweb":1,"minecraft:experience_bottle":1},"minecraft:picked_up":{"minecraft:fishing_rod":1,"chococraft:loverly_gysahl_green":2,"minecraft:wheat":1,"minecraft:chicken":1,"minecraft:flower_pot":1,"aquaculture:catfish":1,"gamma_beasts:fur":6,"minecraft:wooden_pickaxe":1,"minecraft:acacia_pressure_plate":1,"minecraft:shield":2,"aquaculture:muskellunge":1,"better_fishing_rods:lucky_pad_fragment":1,"minecraft:iron_leggings":13,"minecraft:item_frame":9,"minecraft:experience_bottle":1,"minecraft:blue_orchid":1,"aquaculture:bluegill":1,"minecraft:candle":3,"minecraft:spruce_planks":8,"minecraft:beef":3,"minecraft:iron_pickaxe":1,"biomesoplenty:wildflower":2,"minecraft:chest":2,"aquaculture:driftwood":1,"minecraft:spruce_stairs":2,"aquaculture:perch":1,"farmersdelight:tomato_seeds":6,"better_fishing_rods:villager_fishing_rod":1,"alexsmobs:crocodile_scute":2,"minecraft:dark_oak_planks":1,"regions_unexplored:barley":125,"minecraft:arrow":8,"minecraft:rotten_flesh":6,"minecraft:beetroot_seeds":1,"aquaculture:carp":1,"minecraft:saddle":2,"minecraft:gold_ingot":1,"minecraft:mutton":6,"minecraft:cod":3,"minecraft:white_wool":3,"born_in_chaos_v1:corpse_maggot":2,"minecraft:feather":23,"minecraft:salmon":5,"minecraft:leather":3,"minecraft:oak_log":6,"minecraft:gunpowder":1,"better_fishing_rods:epic_enchantment_book":1,"minecraft:dirt":11,"minecraft:leather_boots":1,"better_fishing_rods:common_enchantment_book":2,"minecraft:bone":7,"chococraft:gysahl_green":45,"minecraft:apple":2,"minecraft:wheat_seeds":5,"minecraft:spruce_wood":4,"minecraft:iron_ingot":2,"minecraft:cooked_chicken":2,"minecraft:cobweb":7,"minecraft:tall_grass":4,"minecraft:acacia_sapling":6,"minecraft:dark_oak_stairs":1,"minecraft:book":38,"minecraft:ghast_tear":6,"aquaculture:smallmouth_bass":1,"minecraft:dark_oak_slab":2,"gamma_beasts:palm_tree_log":3,"minecraft:sand":18,"sophisticatedbackpacks:iron_backpack":1,"chococraft:gysahl_green_seeds":18,"minecraft:ink_sac":3,"minecraft:white_bed":6,"minecraft:acacia_stairs":1,"better_fishing_rods:lucky_pad":3,"minecraft:spruce_fence_gate":2,"minecraft:slime_ball":3,"better_fishing_rods:rare_enchantment_book":4,"minecraft:polished_diorite":1,"minecraft:stone_axe":1,"minecraft:gray_wool":1,"minecraft:emerald":7,"minecraft:bread":5,"gamma_beasts:salmon_steak":4,"alexsmobs:maggot":4,"born_in_chaos_v1:rotten_fish":1,"minecraft:black_wool":1}},"DataVersion":3465}