{"stats":{"minecraft:mined":{"minecraft:grass":18,"regions_unexplored:barley":146,"regions_unexplored:medium_grass":20},"minecraft:killed":{"minecraft:sheep":4},"minecraft:custom":{"minecraft:open_chest":3,"minecraft:time_since_rest":4764,"minecraft:crouch_one_cm":441,"minecraft:interact_with_furnace":1,"minecraft:play_time":4764,"minecraft:sprint_one_cm":33372,"minecraft:damage_taken":6,"minecraft:walk_one_cm":3454,"minecraft:sneak_time":2012,"minecraft:mob_kills":4,"minecraft:jump":34,"minecraft:damage_dealt":187,"minecraft:time_since_death":4764,"minecraft:total_world_time":4764,"minecraft:climb_one_cm":2030,"minecraft:interact_with_crafting_table":1,"minecraft:fall_one_cm":627,"minecraft:fly_one_cm":8132},"minecraft:picked_up":{"regions_unexplored:barley":125,"minecraft:wheat_seeds":2,"minecraft:gray_wool":1,"minecraft:black_wool":1,"minecraft:mutton":6,"minecraft:white_wool":1}},"DataVersion":3465}