{"stats":{"minecraft:killed_by":{"iceandfire:gorgon":1},"minecraft:mined":{"minecraft:dark_oak_planks":1,"farmersdelight:sandy_shrub":1,"minecraft:spruce_planks":6,"minecraft:dark_oak_slab":1,"regions_unexplored:barley":146,"minecraft:dark_oak_stairs":1,"minecraft:grass":18,"chococraft:gysahl_green":1,"minecraft:bookshelf":12,"minecraft:oak_log":2,"minecraft:cobweb":1,"regions_unexplored:medium_grass":20,"farmersdelight:wild_beetroots":1},"minecraft:dropped":{"minecraft:bread":4,"minecraft:beetroot_seeds":1,"born_in_chaos_v1:corpse_maggot":2,"minecraft:iron_leggings":1},"minecraft:killed":{"minecraft:sheep":4,"minecraft:skeleton":2,"born_in_chaos_v1:corpse_fly":3,"alexsmobs:fly":2,"enemyexpansion:equestrian":2},"minecraft:custom":{"minecraft:time_since_rest":2938,"minecraft:interact_with_furnace":8,"minecraft:sprint_one_cm":109109,"minecraft:damage_taken":2147483647,"minecraft:walk_one_cm":32689,"minecraft:mob_kills":13,"minecraft:drop":8,"minecraft:damage_dealt":2098,"minecraft:play_noteblock":10,"minecraft:swim_one_cm":20726,"minecraft:interact_with_crafting_table":4,"minecraft:fly_one_cm":56911,"minecraft:open_chest":7,"minecraft:deaths":1,"minecraft:crouch_one_cm":959,"minecraft:play_time":28764,"minecraft:sneak_time":2481,"minecraft:walk_under_water_one_cm":7862,"minecraft:jump":295,"minecraft:time_since_death":11442,"minecraft:walk_on_water_one_cm":12472,"minecraft:sleep_in_bed":3,"minecraft:climb_one_cm":12915,"minecraft:total_world_time":28764,"minecraft:fall_one_cm":7485},"minecraft:crafted":{"minecraft:oak_planks":12,"minecraft:iron_sword":1,"minecraft:white_bed":1,"minecraft:bread":12},"minecraft:used":{"chococraft:gysahl_green_seeds":1,"minecraft:bread":7,"minecraft:iron_sword":69,"minecraft:rotten_flesh":1,"minecraft:mutton":6,"born_in_chaos_v1:rotten_fish":1,"chococraft:gysahl_green":7,"minecraft:white_bed":1},"minecraft:picked_up":{"minecraft:book":36,"minecraft:ghast_tear":1,"born_in_chaos_v1:corpse_maggot":2,"minecraft:dark_oak_slab":2,"minecraft:oak_log":3,"chococraft:gysahl_green_seeds":1,"minecraft:ink_sac":3,"minecraft:shield":1,"minecraft:spruce_fence_gate":2,"minecraft:dark_oak_planks":1,"regions_unexplored:barley":125,"minecraft:rotten_flesh":4,"minecraft:bone":2,"minecraft:arrow":3,"chococraft:gysahl_green":3,"minecraft:beetroot_seeds":1,"minecraft:stone_axe":1,"minecraft:wheat_seeds":2,"minecraft:spruce_planks":6,"minecraft:gray_wool":1,"alexsmobs:maggot":2,"born_in_chaos_v1:rotten_fish":1,"minecraft:black_wool":1,"minecraft:mutton":6,"minecraft:dark_oak_stairs":1,"minecraft:white_wool":3}},"DataVersion":3465}