{"stats":{"minecraft:killed_by":{"iceandfire:gorgon":1},"minecraft:mined":{"minecraft:dark_oak_planks":1,"minecraft:spruce_planks":7,"regions_unexplored:barley":146,"minecraft:potted_blue_orchid":1,"farmersdelight:wild_beetroots":1,"farmersdelight:sandy_shrub":1,"minecraft:dark_oak_slab":1,"minecraft:dark_oak_stairs":1,"minecraft:grass":19,"minecraft:bookshelf":12,"chococraft:gysahl_green":1,"minecraft:oak_log":2,"minecraft:sand":17,"minecraft:cobweb":1,"regions_unexplored:medium_grass":20},"minecraft:dropped":{"minecraft:bread":4,"minecraft:beetroot_seeds":1,"born_in_chaos_v1:corpse_maggot":2,"minecraft:iron_leggings":1},"minecraft:killed":{"enemyexpansion:equestrian":2,"minecraft:sheep":4,"minecraft:skeleton":6,"born_in_chaos_v1:corpse_fly":3,"alexsmobs:fly":2},"minecraft:custom":{"minecraft:interact_with_furnace":8,"minecraft:mob_kills":17,"minecraft:interact_with_crafting_table":5,"minecraft:open_barrel":4,"minecraft:time_since_death":1441,"minecraft:sleep_in_bed":3,"minecraft:climb_one_cm":14618,"minecraft:time_since_rest":1502,"minecraft:sprint_one_cm":153794,"minecraft:walk_one_cm":49061,"minecraft:damage_taken":2147483647,"minecraft:drop":8,"minecraft:damage_dealt":3290,"minecraft:play_noteblock":10,"minecraft:swim_one_cm":27068,"minecraft:fly_one_cm":117310,"minecraft:open_chest":8,"minecraft:crouch_one_cm":959,"minecraft:play_time":40764,"minecraft:deaths":3,"minecraft:sneak_time":2515,"minecraft:walk_under_water_one_cm":8112,"minecraft:jump":610,"minecraft:walk_on_water_one_cm":14299,"minecraft:total_world_time":40764,"minecraft:fall_one_cm":15195},"minecraft:crafted":{"minecraft:oak_planks":12,"minecraft:iron_sword":1,"minecraft:bread":12,"minecraft:white_bed":1},"minecraft:used":{"minecraft:chorus_fruit":1,"minecraft:spruce_planks":1,"minecraft:iron_sword":104,"minecraft:rotten_flesh":1,"minecraft:sand":17,"minecraft:mutton":6,"gamma_beasts:salmon_steak":4,"minecraft:white_bed":1,"minecraft:black_wool":1,"chococraft:gysahl_green_seeds":1,"minecraft:bread":7,"born_in_chaos_v1:rotten_fish":1,"chococraft:gysahl_green":7,"minecraft:gray_wool":1,"minecraft:iron_leggings":10},"minecraft:picked_up":{"born_in_chaos_v1:corpse_maggot":2,"minecraft:flower_pot":1,"gamma_beasts:fur":6,"minecraft:oak_log":3,"minecraft:shield":1,"minecraft:bone":4,"chococraft:gysahl_green":3,"minecraft:blue_orchid":1,"minecraft:wheat_seeds":2,"minecraft:spruce_planks":8,"minecraft:dark_oak_stairs":1,"minecraft:book":36,"minecraft:ghast_tear":3,"minecraft:dark_oak_slab":2,"minecraft:sand":17,"chococraft:gysahl_green_seeds":1,"minecraft:ink_sac":3,"minecraft:dark_oak_planks":1,"regions_unexplored:barley":125,"minecraft:spruce_fence_gate":2,"minecraft:arrow":6,"minecraft:rotten_flesh":4,"minecraft:stone_axe":1,"minecraft:beetroot_seeds":1,"minecraft:gray_wool":1,"gamma_beasts:salmon_steak":4,"alexsmobs:maggot":2,"born_in_chaos_v1:rotten_fish":1,"minecraft:black_wool":1,"minecraft:mutton":6,"minecraft:white_wool":3}},"DataVersion":3465}