{"stats":{"minecraft:dropped":{"minecraft:iron_sword":2,"minecraft:dark_oak_stairs":1,"minecraft:glow_ink_sac":3,"minecraft:diamond":4,"better_fishing_rods:lucky_pad_fragment":1,"onlyhammers:stone_hammer":1,"minecraft:cookie":4,"minecraft:leather":3,"minecraft:saddle":1,"minecraft:emerald":3,"minecraft:dark_oak_fence":1,"epicsamurai:jade":1,"minecraft:iron_pickaxe":1,"minecraft:dark_oak_planks":1,"regions_unexplored:mauve_sapling":1,"minecraft:wheat":822,"minecraft:rotten_flesh":6,"artifacts:villager_hat":2,"enemyexpansion:meathead_helmet":1,"minecraft:beetroot_seeds":1,"born_in_chaos_v1:corpse_maggot":2,"minecraft:acacia_sapling":3,"minecraft:arrow":2,"minecraft:scaffolding":1,"iceandfire:manuscript":2,"minecraft:enchanted_book":17,"farmersdelight:tomato_seeds":3,"minecraft:water_bucket":1,"minecraft:iron_ingot":56,"minecraft:bread":4,"minecraft:oak_slab":2,"minecraft:iron_helmet":2,"minecraft:book":30,"skilltree:gem":5,"minecraft:iron_leggings":95,"ars_nouveau:caster_tome":1,"minecraft:moss_carpet":7,"minecraft:tall_grass":2,"minecraft:iron_boots":2,"regions_unexplored:hyssop":1,"reliquary:angelic_feather":1,"minecraft:spruce_planks":19,"minecraft:iron_chestplate":3,"minecraft:slime_ball":6},"minecraft:custom":{"lootr:looted_stat":23,"minecraft:interact_with_crafting_table":67,"minecraft:open_barrel":10,"minecraft:leave_game":4,"minecraft:time_since_death":85701,"minecraft:sprint_one_cm":1987813,"minecraft:damage_blocked_by_shield":21,"minecraft:drop":1020,"minecraft:play_noteblock":10,"minecraft:talked_to_villager":115,"minecraft:play_time":572584,"minecraft:deaths":37,"minecraft:jump":7424,"minecraft:walk_on_water_one_cm":81516,"minecraft:interact_with_furnace":61,"minecraft:traded_with_villager":72,"minecraft:sleep_in_bed":33,"minecraft:waystone_activated":5,"tombstone:sneak_grave":1,"minecraft:damage_dealt":17711,"minecraft:player_kills":6,"minecraft:crouch_one_cm":23050,"tombstone:undead_killed":11,"minecraft:inspect_dispenser":1,"minecraft:interact_with_smoker":12,"minecraft:interact_with_smithing_table":1,"minecraft:mob_kills":77,"minecraft:damage_dealt_resisted":677,"minecraft:climb_one_cm":22255,"minecraft:walk_one_cm":575927,"minecraft:sneak_time":21375,"minecraft:walk_under_water_one_cm":57048,"minecraft:boat_one_cm":321,"minecraft:interact_with_blast_furnace":3,"minecraft:total_world_time":572584,"minecraft:interact_with_stonecutter":1,"minecraft:time_since_rest":59304,"minecraft:damage_taken":2147483647,"minecraft:trigger_trapped_chest":3,"minecraft:swim_one_cm":191623,"minecraft:fly_one_cm":2120146,"minecraft:open_chest":289,"minecraft:fish_caught":38,"minecraft:fall_one_cm":437759},"minecraft:mined":{"minecraft:dark_oak_planks":1,"minecraft:spruce_planks":7,"minecraft:white_bed":9,"iceandfire:copper_pile":4,"minecraft:potted_blue_orchid":1,"minecraft:red_sand":3,"minecraft:acacia_log":20,"minecraft:grass_block":9,"sophisticatedbackpacks:iron_backpack":1,"minecraft:coal_block":16,"minecraft:acacia_pressure_plate":2,"minecraft:cobbled_deepslate":9,"minecraft:moss_carpet":2,"minecraft:fletching_table":4,"minecraft:dark_oak_stairs":1,"chococraft:gysahl_green":18,"iceandfire:gold_pile":65,"minecraft:oak_stairs":2,"minecraft:spruce_wood":4,"minecraft:green_bed":6,"minecraft:torch":1,"minecraft:blast_furnace":1,"minecraft:chest":3,"minecraft:dead_bush":1,"minecraft:cobblestone":12,"minecraft:oak_planks":7,"minecraft:wall_torch":1,"minecraft:skeleton_skull":1,"farmersdelight:sandy_shrub":1,"minecraft:dark_oak_slab":1,"minecraft:yellow_wool":3,"minecraft:wheat":39,"gamma_beasts:palm_tree_log":3,"minecraft:grass":92,"minecraft:oak_log":154,"minecraft:sand":20,"minecraft:dirt":18,"minecraft:oak_leaves":47,"minecraft:deepslate":416,"minecraft:tuff":37,"biomesoplenty:watergrass":2,"minecraft:deepslate_diamond_ore":2,"minecraft:mossy_cobblestone":4,"regions_unexplored:barley":146,"minecraft:candle":1,"biomesoplenty:desert_grass":6,"minecraft:dark_oak_fence":2,"minecraft:hay_block":25,"minecraft:acacia_stairs":1,"minecraft:bookshelf":18,"minecraft:vine":1,"biomesoplenty:barley":105,"regions_unexplored:medium_grass":22,"minecraft:bamboo":1,"minecraft:stone":29,"minecraft:oak_slab":1,"minecraft:acacia_leaves":3,"minecraft:scaffolding":1,"minecraft:glass_pane":2,"minecraft:smooth_sandstone":3,"minecraft:lectern":70,"minecraft:tall_grass":3,"regions_unexplored:mauve_log":3,"minecraft:spruce_stairs":2,"farmersdelight:wild_beetroots":1,"ars_nouveau:blue_archwood_log":4,"minecraft:spruce_log":1,"minecraft:bee_nest":1,"minecraft:yellow_bed":6,"minecraft:coal_ore":9,"iceandfire:silver_pile":6,"minecraft:gravel":1,"minecraft:cobweb":1,"minecraft:acacia_planks":1,"minecraft:spruce_fence_gate":1,"minecraft:fern":3},"minecraft:used":{"minecraft:moss_carpet":2,"minecraft:red_sand":2,"minecraft:chest":12,"minecraft:shield":1,"minecraft:iron_sword":483,"minecraft:rotten_flesh":1,"better_fishing_rods:lucky_fishing_rod":10,"minecraft:mutton":6,"minecraft:item_frame":8,"minecraft:scaffolding":1,"minecraft:oak_sapling":15,"aquaculture:fish_fillet_cooked":73,"minecraft:potato":4,"minecraft:chorus_fruit":3,"minecraft:oak_planks":3,"minecraft:diamond_axe":78,"minecraft:sand":19,"gamma_beasts:salmon_steak":4,"minecraft:blast_furnace":1,"minecraft:bread":58,"minecraft:lectern":74,"minecraft:gravel":1,"born_in_chaos_v1:rotten_fish":1,"iceandfire:dragon_skull_fire":1,"chococraft:gysahl_green":49,"minecraft:cobweb":1,"minecraft:experience_bottle":7,"onlyhammers:obsidian_hammer":500,"minecraft:spruce_planks":1,"minecraft:torch":5,"minecraft:dirt":38,"spartanweaponry:iron_longbow":1,"minecraft:polished_diorite":1,"chococraft:chocobo_drumstick_raw":2,"minecraft:wooden_axe":15,"minecraft:iron_axe":221,"tombstone:gift":4,"minecraft:stone_pressure_plate":1,"minecraft:cobbled_deepslate":9,"minecraft:acacia_planks":1,"minecraft:iron_leggings":23,"minecraft:wheat_seeds":83,"minecraft:acacia_boat":1,"minecraft:water_bucket":9,"minecraft:fletching_table":6,"minecraft:green_bed":6,"minecraft:spruce_fence_gate":1,"minecraft:mossy_cobblestone":1,"minecraft:crafting_table":3,"minecraft:white_bed":11,"biomesoplenty:wildflower":1,"minecraft:acacia_stairs":1,"minecraft:black_wool":1,"minecraft:apple":3,"chococraft:gysahl_green_seeds":18,"minecraft:iron_pickaxe":90,"minecraft:acacia_fence_gate":1,"minecraft:stone_axe":44,"minecraft:fishing_rod":70,"minecraft:cobblestone":43,"minecraft:acacia_pressure_plate":1,"minecraft:jungle_door":1,"minecraft:bucket":9,"minecraft:yellow_bed":6,"minecraft:gray_wool":1,"better_fishing_rods:villager_fishing_rod":1},"minecraft:killed":{"enemyexpansion:equestrian":2,"minecraft:spider":1,"born_in_chaos_v1:scarlet_persecutor":1,"minecraft:skeleton":11,"born_in_chaos_v1:skeleton_thrasher":1,"minecraft:silverfish":1,"epicsamurai:enenra":1,"minecraft:sheep":4,"enemyexpansion:meature":5,"minecraft:zombie":4,"born_in_chaos_v1:dread_hound":1,"enemyexpansion:vampire":1,"born_in_chaos_v1:corpse_fly":11,"enemyexpansion:botfly":5,"alexsmobs:fly":3,"minecraft:cow":2,"enemyexpansion:wasp":1,"chococraft:chocobo":3,"born_in_chaos_v1:maggot":3,"epicsamurai:tanuki":1,"iceandfire:deathworm":2,"enemyexpansion:starved":1,"born_in_chaos_v1:fallen_chaos_knight":1,"minecraft:husk":1,"born_in_chaos_v1:swarmer":1,"enemyexpansion:sprinter":1,"born_in_chaos_v1:decrepit_skeleton":1,"alexsmobs:crocodile":1,"iceandfire:ghost":3,"enemyexpansion:slugger":1},"minecraft:killed_by":{"enemyexpansion:meature":1,"born_in_chaos_v1:scarlet_persecutor":1,"iceandfire:fire_dragon":2,"iceandfire:gorgon":1},"minecraft:broken":{"minecraft:iron_boots":1,"minecraft:iron_leggings":2,"minecraft:iron_axe":1},"minecraft:crafted":{"minecraft:black_dye":7,"minecraft:oak_planks":796,"epicsamurai:silver_ingot":2,"ars_nouveau:archwood_planks":16,"minecraft:stone":1,"minecraft:bookshelf":8,"aquaculture:fish_fillet_raw":77,"minecraft:iron_boots":1,"minecraft:chest":9,"minecraft:emerald":51,"minecraft:diamond_axe":1,"minecraft:crafting_table":3,"minecraft:spruce_planks":20,"minecraft:acacia_slab":36,"minecraft:iron_helmet":1,"minecraft:gold_block":8,"better_fishing_rods:lucky_fishing_rod":1,"minecraft:fletching_table":2,"minecraft:lectern":8,"minecraft:iron_chestplate":2,"minecraft:charcoal":6,"minecraft:stick":1416,"minecraft:iron_ingot":5,"minecraft:iron_pickaxe":1,"minecraft:gold_ingot":60,"onlyhammers:stone_hammer":1,"minecraft:coal":144,"minecraft:fishing_rod":1,"minecraft:yellow_bed":1,"regions_unexplored:mauve_planks":4,"minecraft:iron_axe":1,"aquaculture:fish_fillet_cooked":73,"minecraft:wheat":225,"minecraft:iron_sword":2,"minecraft:bucket":1,"minecraft:enchanted_book":21,"minecraft:bread":28,"minecraft:acacia_boat":1,"minecraft:air":0,"gamma_beasts:palm_tree_planks":12,"minecraft:wooden_axe":2,"minecraft:white_bed":2,"minecraft:acacia_planks":108,"minecraft:torch":64},"minecraft:picked_up":{"ars_nouveau:caster_tome":2,"minecraft:iron_chestplate":2,"chococraft:loverly_gysahl_green":2,"minecraft:wheat":326,"minecraft:flower_pot":1,"aquaculture:catfish":1,"minecraft:yellow_wool":3,"gamma_beasts:fur":6,"minecraft:oak_stairs":2,"minecraft:enchanted_book":16,"minecraft:acacia_pressure_plate":2,"iceandfire:manuscript":1,"aquaculture:muskellunge":2,"minecraft:iron_leggings":20,"spartanweaponry:bolt":24,"minecraft:pufferfish":2,"minecraft:experience_bottle":3,"minecraft:red_sand":3,"minecraft:gold_nugget":578,"minecraft:cobbled_deepslate":461,"minecraft:spruce_planks":8,"minecraft:acacia_fence_gate":1,"minecraft:iron_pickaxe":1,"minecraft:coal_block":16,"minecraft:iron_boots":2,"minecraft:stick":48,"minecraft:jungle_door":1,"minecraft:torch":5,"minecraft:acacia_log":27,"minecraft:green_bed":6,"minecraft:spruce_stairs":2,"tombstone:grave_dust":2,"enemyexpansion:meathead_helmet":1,"regions_unexplored:barley":125,"minecraft:rotten_flesh":28,"minecraft:tropical_fish":2,"artifacts:villager_hat":2,"regions_unexplored:mauve_log":1,"gamma_beasts:coal_nugget":3,"chococraft:chocobo_drumstick_raw":4,"reliquary:mob_charm_fragment":1,"minecraft:cod":7,"minecraft:cobblestone":156,"minecraft:feather":23,"minecraft:water_bucket":2,"minecraft:tuff":37,"onlyhammers:obsidian_hammer":2,"minecraft:acacia_boat":1,"minecraft:dirt":48,"skilltree:gem":13,"better_fishing_rods:epic_enchantment_book":3,"minecraft:lantern":2,"minecraft:leather_boots":1,"better_fishing_rods:common_enchantment_book":9,"minecraft:bone":18,"minecraft:acacia_planks":1,"minecraft:wheat_seeds":854,"minecraft:fletching_table":4,"minecraft:bamboo":14,"minecraft:oak_planks":47,"minecraft:ghast_tear":6,"aquaculture:gar":2,"gamma_beasts:palm_tree_log":3,"iceandfire:dragon_skull_fire":2,"minecraft:sand":22,"minecraft:ink_sac":3,"sophisticatedbackpacks:iron_backpack":1,"minecraft:acacia_stairs":1,"minecraft:mossy_cobblestone":1,"epicsamurai:straw_hat":1,"minecraft:spruce_fence_gate":3,"regions_unexplored:hyssop":1,"reliquary:angelic_feather":1,"minecraft:diamond":3,"minecraft:bone_meal":1,"minecraft:netherrack":64,"minecraft:bread":5,"minecraft:emerald":69,"iceandfire:silver_nugget":20,"alexsmobs:maggot":5,"minecraft:oak_sapling":23,"born_in_chaos_v1:rotten_fish":1,"minecraft:dark_oak_fence":1,"minecraft:fishing_rod":1,"minecraft:chicken":1,"born_in_chaos_v1:seedof_chaos":1,"minecraft:wooden_pickaxe":1,"minecraft:shield":2,"minecraft:moss_carpet":18,"better_fishing_rods:lucky_pad_fragment":7,"epicsamurai:jade":2,"minecraft:item_frame":14,"minecraft:blue_orchid":1,"aquaculture:bluegill":3,"minecraft:candle":3,"spartanweaponry:iron_longbow":1,"minecraft:beef":3,"onlyhammers:stone_hammer":1,"minecraft:lectern":70,"biomesoplenty:wildflower":4,"minecraft:chest":3,"minecraft:raw_iron":39,"iceandfire:dragonbone":4,"aquaculture:driftwood":1,"aquaculture:perch":4,"ars_nouveau:blue_archwood_log":4,"minecraft:white_dye":1,"farmersdelight:tomato_seeds":8,"minecraft:cookie":8,"born_in_chaos_v1:pieceofdarkmetal":8,"iceandfire:deathworm_chitin_white":11,"iceandfire:deathworm_egg_giant":1,"better_fishing_rods:villager_fishing_rod":1,"minecraft:stone_pressure_plate":1,"alexsmobs:crocodile_scute":2,"minecraft:dark_oak_planks":1,"better_fishing_rods:legendary_enchantment_book":1,"minecraft:arrow":13,"regions_unexplored:mauve_sapling":1,"minecraft:beetroot_seeds":1,"minecraft:hay_block":25,"aquaculture:carp":2,"minecraft:saddle":2,"minecraft:gold_ingot":1,"minecraft:mutton":6,"minecraft:skeleton_skull":1,"minecraft:rail":3,"minecraft:white_wool":3,"born_in_chaos_v1:fused_bone":2,"born_in_chaos_v1:corpse_maggot":21,"minecraft:glow_ink_sac":3,"minecraft:tripwire_hook":1,"minecraft:salmon":7,"minecraft:leather":3,"alexsmobs:acacia_blossom":2,"minecraft:oak_log":203,"minecraft:yellow_bed":5,"minecraft:gunpowder":1,"farmersdelight:flint_knife":2,"minecraft:smooth_sandstone":3,"chococraft:chocobo_feather":1,"chococraft:gysahl_green":45,"minecraft:apple":5,"minecraft:spruce_wood":4,"minecraft:cobweb":7,"minecraft:iron_ingot":20,"minecraft:cooked_chicken":2,"minecraft:tall_grass":4,"aquaculture:minnow":13,"minecraft:iron_sword":2,"minecraft:acacia_sapling":9,"minecraft:dark_oak_stairs":1,"minecraft:book":119,"minecraft:oak_slab":2,"minecraft:scaffolding":2,"aquaculture:smallmouth_bass":2,"iceandfire:copper_nugget":28,"minecraft:dark_oak_slab":2,"minecraft:dandelion":1,"minecraft:gravel":1,"chococraft:gysahl_green_seeds":22,"minecraft:blast_furnace":1,"minecraft:white_bed":9,"minecraft:spruce_log":1,"better_fishing_rods:lucky_pad":3,"minecraft:firework_rocket":2,"minecraft:slime_ball":6,"regions_unexplored:fireweed":3,"minecraft:stone_axe":1,"better_fishing_rods:rare_enchantment_book":6,"minecraft:polished_diorite":1,"minecraft:iron_helmet":5,"minecraft:gray_wool":1,"gamma_beasts:salmon_steak":4,"minecraft:black_wool":1,"minecraft:coal":8}},"DataVersion":3465}