{"stats":{"minecraft:killed_by":{"iceandfire:gorgon":1},"minecraft:mined":{"minecraft:dark_oak_planks":1,"minecraft:spruce_planks":7,"biomesoplenty:watergrass":2,"minecraft:white_bed":6,"regions_unexplored:barley":146,"minecraft:candle":1,"biomesoplenty:desert_grass":4,"minecraft:potted_blue_orchid":1,"minecraft:acacia_log":12,"minecraft:grass_block":3,"sophisticatedbackpacks:iron_backpack":1,"minecraft:acacia_pressure_plate":1,"minecraft:acacia_stairs":1,"minecraft:dark_oak_stairs":1,"chococraft:gysahl_green":18,"minecraft:bookshelf":12,"regions_unexplored:medium_grass":20,"minecraft:spruce_wood":4,"minecraft:acacia_leaves":2,"minecraft:chest":2,"minecraft:cobblestone":8,"minecraft:spruce_stairs":2,"farmersdelight:wild_beetroots":1,"farmersdelight:sandy_shrub":1,"ars_nouveau:blue_archwood_log":4,"minecraft:dark_oak_slab":1,"minecraft:spruce_log":1,"gamma_beasts:palm_tree_log":3,"minecraft:grass":35,"minecraft:oak_log":5,"minecraft:gravel":1,"minecraft:sand":18,"minecraft:dirt":1,"minecraft:cobweb":1,"minecraft:acacia_planks":1,"minecraft:deepslate":10,"minecraft:oak_leaves":2,"minecraft:fern":3},"minecraft:dropped":{"farmersdelight:tomato_seeds":3,"minecraft:iron_ingot":56,"minecraft:bread":4,"minecraft:dark_oak_stairs":1,"minecraft:glow_ink_sac":3,"better_fishing_rods:lucky_pad_fragment":1,"onlyhammers:stone_hammer":1,"minecraft:cookie":4,"minecraft:iron_helmet":1,"minecraft:leather":3,"minecraft:saddle":1,"minecraft:emerald":3,"skilltree:gem":5,"epicsamurai:jade":1,"minecraft:iron_leggings":91,"minecraft:dark_oak_planks":1,"minecraft:wheat":1,"minecraft:tall_grass":2,"minecraft:rotten_flesh":4,"minecraft:iron_boots":1,"minecraft:spruce_planks":19,"minecraft:iron_chestplate":1,"minecraft:beetroot_seeds":1,"born_in_chaos_v1:corpse_maggot":2,"minecraft:acacia_sapling":3},"minecraft:killed":{"enemyexpansion:equestrian":2,"born_in_chaos_v1:maggot":3,"minecraft:skeleton":7,"epicsamurai:tanuki":1,"minecraft:silverfish":1,"epicsamurai:enenra":1,"minecraft:husk":1,"born_in_chaos_v1:swarmer":1,"minecraft:sheep":4,"enemyexpansion:meature":1,"minecraft:zombie":3,"alexsmobs:crocodile":1,"born_in_chaos_v1:corpse_fly":7,"alexsmobs:fly":3,"chococraft:chocobo":1,"minecraft:cow":2},"minecraft:custom":{"minecraft:interact_with_smithing_table":1,"minecraft:mob_kills":39,"minecraft:interact_with_crafting_table":35,"minecraft:open_barrel":10,"minecraft:damage_dealt_resisted":320,"minecraft:time_since_death":8061,"minecraft:climb_one_cm":17133,"minecraft:sprint_one_cm":907677,"minecraft:walk_one_cm":222780,"minecraft:damage_blocked_by_shield":21,"minecraft:drop":139,"minecraft:play_noteblock":10,"minecraft:talked_to_villager":3,"minecraft:play_time":268764,"minecraft:deaths":29,"minecraft:sneak_time":7671,"minecraft:walk_under_water_one_cm":41385,"minecraft:boat_one_cm":321,"minecraft:jump":3793,"minecraft:interact_with_blast_furnace":1,"minecraft:walk_on_water_one_cm":39441,"minecraft:total_world_time":268764,"minecraft:interact_with_furnace":33,"minecraft:interact_with_stonecutter":1,"minecraft:sleep_in_bed":17,"minecraft:waystone_activated":3,"minecraft:time_since_rest":7699,"minecraft:damage_taken":2147483647,"minecraft:damage_dealt":8700,"minecraft:swim_one_cm":126294,"minecraft:fly_one_cm":977432,"minecraft:open_chest":108,"minecraft:crouch_one_cm":8660,"minecraft:interact_with_smoker":9,"minecraft:fish_caught":38,"minecraft:fall_one_cm":141512},"minecraft:crafted":{"minecraft:oak_planks":68,"minecraft:fishing_rod":1,"ars_nouveau:archwood_planks":16,"minecraft:bookshelf":8,"aquaculture:fish_fillet_raw":77,"minecraft:iron_boots":1,"minecraft:chest":1,"aquaculture:fish_fillet_cooked":73,"minecraft:crafting_table":3,"minecraft:spruce_planks":20,"minecraft:acacia_slab":36,"minecraft:iron_helmet":1,"minecraft:iron_sword":2,"better_fishing_rods:lucky_fishing_rod":1,"minecraft:bucket":1,"minecraft:acacia_boat":1,"minecraft:bread":12,"minecraft:lectern":8,"minecraft:iron_chestplate":2,"minecraft:charcoal":6,"gamma_beasts:palm_tree_planks":12,"minecraft:stick":4,"minecraft:iron_ingot":2,"minecraft:wooden_axe":2,"minecraft:white_bed":1,"minecraft:acacia_planks":76,"minecraft:torch":64,"onlyhammers:stone_hammer":1},"minecraft:used":{"minecraft:spruce_planks":1,"minecraft:chest":3,"minecraft:shield":1,"minecraft:iron_sword":240,"minecraft:rotten_flesh":1,"better_fishing_rods:lucky_fishing_rod":10,"minecraft:dirt":1,"minecraft:mutton":6,"minecraft:polished_diorite":1,"minecraft:wooden_axe":15,"minecraft:item_frame":8,"aquaculture:fish_fillet_cooked":34,"minecraft:acacia_planks":1,"minecraft:iron_leggings":23,"minecraft:acacia_boat":1,"minecraft:water_bucket":6,"minecraft:chorus_fruit":3,"minecraft:oak_planks":3,"minecraft:sand":17,"minecraft:crafting_table":3,"gamma_beasts:salmon_steak":4,"minecraft:white_bed":7,"minecraft:acacia_stairs":1,"minecraft:black_wool":1,"chococraft:gysahl_green_seeds":18,"minecraft:iron_pickaxe":19,"minecraft:bread":16,"minecraft:gravel":1,"minecraft:acacia_fence_gate":1,"minecraft:stone_axe":19,"minecraft:fishing_rod":70,"minecraft:cobblestone":18,"born_in_chaos_v1:rotten_fish":1,"minecraft:acacia_pressure_plate":1,"minecraft:bucket":7,"chococraft:gysahl_green":49,"minecraft:gray_wool":1,"better_fishing_rods:villager_fishing_rod":1,"minecraft:cobweb":1,"minecraft:experience_bottle":2},"minecraft:picked_up":{"minecraft:fishing_rod":1,"chococraft:loverly_gysahl_green":2,"minecraft:wheat":2,"minecraft:chicken":1,"minecraft:flower_pot":1,"aquaculture:catfish":1,"gamma_beasts:fur":6,"minecraft:wooden_pickaxe":1,"minecraft:acacia_pressure_plate":1,"minecraft:shield":2,"aquaculture:muskellunge":2,"better_fishing_rods:lucky_pad_fragment":7,"minecraft:iron_leggings":14,"minecraft:item_frame":9,"epicsamurai:jade":2,"minecraft:pufferfish":2,"minecraft:experience_bottle":2,"minecraft:blue_orchid":1,"aquaculture:bluegill":3,"minecraft:candle":3,"minecraft:cobbled_deepslate":28,"minecraft:spruce_planks":8,"minecraft:beef":3,"minecraft:acacia_fence_gate":1,"onlyhammers:stone_hammer":1,"minecraft:iron_pickaxe":1,"biomesoplenty:wildflower":2,"minecraft:chest":2,"minecraft:raw_iron":39,"minecraft:stick":3,"minecraft:acacia_log":19,"aquaculture:driftwood":1,"minecraft:spruce_stairs":2,"aquaculture:perch":4,"ars_nouveau:blue_archwood_log":4,"farmersdelight:tomato_seeds":6,"minecraft:cookie":8,"born_in_chaos_v1:pieceofdarkmetal":1,"better_fishing_rods:villager_fishing_rod":1,"alexsmobs:crocodile_scute":2,"minecraft:dark_oak_planks":1,"regions_unexplored:barley":125,"better_fishing_rods:legendary_enchantment_book":1,"minecraft:arrow":8,"minecraft:rotten_flesh":19,"minecraft:tropical_fish":2,"minecraft:beetroot_seeds":1,"aquaculture:carp":2,"minecraft:saddle":2,"minecraft:gold_ingot":1,"chococraft:chocobo_drumstick_raw":2,"reliquary:mob_charm_fragment":1,"minecraft:mutton":6,"minecraft:cod":7,"minecraft:white_wool":3,"minecraft:cobblestone":124,"born_in_chaos_v1:corpse_maggot":15,"minecraft:feather":23,"minecraft:glow_ink_sac":3,"minecraft:tripwire_hook":1,"minecraft:water_bucket":1,"minecraft:salmon":7,"alexsmobs:acacia_blossom":1,"minecraft:leather":3,"minecraft:oak_log":6,"minecraft:acacia_boat":1,"minecraft:gunpowder":1,"skilltree:gem":13,"farmersdelight:flint_knife":2,"better_fishing_rods:epic_enchantment_book":3,"minecraft:dirt":26,"minecraft:leather_boots":1,"better_fishing_rods:common_enchantment_book":9,"chococraft:chocobo_feather":1,"minecraft:bone":8,"minecraft:acacia_planks":1,"chococraft:gysahl_green":45,"minecraft:apple":2,"minecraft:wheat_seeds":13,"minecraft:spruce_wood":4,"minecraft:iron_ingot":4,"minecraft:cooked_chicken":2,"minecraft:cobweb":7,"aquaculture:minnow":13,"minecraft:tall_grass":4,"minecraft:acacia_sapling":6,"minecraft:dark_oak_stairs":1,"minecraft:book":40,"minecraft:ghast_tear":6,"aquaculture:smallmouth_bass":2,"aquaculture:gar":2,"minecraft:dark_oak_slab":2,"minecraft:dandelion":1,"minecraft:gravel":1,"gamma_beasts:palm_tree_log":3,"minecraft:sand":18,"sophisticatedbackpacks:iron_backpack":1,"chococraft:gysahl_green_seeds":18,"minecraft:ink_sac":3,"minecraft:white_bed":6,"minecraft:spruce_log":1,"minecraft:acacia_stairs":1,"epicsamurai:straw_hat":1,"better_fishing_rods:lucky_pad":3,"minecraft:spruce_fence_gate":2,"regions_unexplored:fireweed":3,"minecraft:slime_ball":6,"better_fishing_rods:rare_enchantment_book":6,"minecraft:polished_diorite":1,"minecraft:stone_axe":1,"minecraft:iron_helmet":1,"minecraft:bone_meal":1,"minecraft:gray_wool":1,"minecraft:emerald":8,"minecraft:bread":5,"gamma_beasts:salmon_steak":4,"alexsmobs:maggot":5,"born_in_chaos_v1:rotten_fish":1,"minecraft:black_wool":1}},"DataVersion":3465}