{"stats":{"minecraft:mined":{"minecraft:spruce_planks":2,"regions_unexplored:barley":305,"minecraft:dark_oak_log":1,"minecraft:spruce_log":11,"minecraft:black_bed":1,"gamma_beasts:palm_tree_log":5,"minecraft:grass":24,"biomesoplenty:bush":1,"minecraft:bookshelf":7,"minecraft:grass_block":4,"minecraft:oak_log":1,"minecraft:iron_bars":1,"minecraft:dirt":1,"regions_unexplored:medium_grass":15,"minecraft:spruce_leaves":1,"minecraft:stone":22,"minecraft:oak_planks":51},"minecraft:dropped":{"minecraft:stone_axe":1,"minecraft:shield":1,"minecraft:spruce_planks":1,"minecraft:white_wool":4},"minecraft:killed":{"minecraft:sheep":1,"minecraft:zombie":1,"alexsmobs:seagull":1},"minecraft:custom":{"minecraft:time_since_rest":29249,"minecraft:interact_with_furnace":11,"minecraft:sprint_one_cm":47843,"minecraft:damage_taken":505,"minecraft:walk_one_cm":67477,"minecraft:mob_kills":3,"minecraft:drop":5,"minecraft:damage_dealt":421,"minecraft:swim_one_cm":1341,"minecraft:interact_with_crafting_table":11,"minecraft:fly_one_cm":19114,"minecraft:crouch_one_cm":6923,"minecraft:play_time":29249,"minecraft:sneak_time":1652,"minecraft:walk_under_water_one_cm":595,"minecraft:jump":167,"minecraft:walk_on_water_one_cm":2442,"minecraft:time_since_death":29249,"minecraft:climb_one_cm":5144,"minecraft:total_world_time":29249,"minecraft:fall_one_cm":1792},"minecraft:crafted":{"gamma_beasts:palm_tree_planks":20,"minecraft:shield":2,"minecraft:spruce_planks":52,"minecraft:stick":28,"minecraft:wooden_pickaxe":1,"minecraft:wooden_axe":1,"minecraft:iron_sword":1,"minecraft:furnace":2,"minecraft:dark_oak_planks":8,"minecraft:stone_axe":2,"minecraft:air":0,"minecraft:bread":62},"minecraft:used":{"minecraft:wooden_axe":41,"minecraft:bread":4,"minecraft:oak_planks":3,"minecraft:spruce_planks":1,"minecraft:wooden_pickaxe":23,"minecraft:iron_sword":4,"minecraft:stone_axe":33,"minecraft:mutton":1,"minecraft:furnace":2,"minecraft:black_bed":1,"minecraft:iron_leggings":1},"minecraft:picked_up":{"minecraft:book":21,"minecraft:feather":1,"minecraft:black_bed":1,"gamma_beasts:palm_tree_log":5,"minecraft:spruce_sapling":2,"minecraft:spruce_log":13,"minecraft:dark_oak_log":2,"minecraft:dirt":5,"minecraft:string":1,"regions_unexplored:barley":213,"minecraft:iron_leggings":1,"minecraft:rotten_flesh":1,"minecraft:wheat_seeds":6,"minecraft:spruce_planks":2,"minecraft:bread":4,"minecraft:mutton":2,"minecraft:oak_planks":48,"minecraft:iron_bars":1,"minecraft:white_wool":4,"minecraft:cobblestone":22}},"DataVersion":3465}