{"stats":{"minecraft:mined":{"regions_unexplored:barley":292,"minecraft:black_bed":1,"gamma_beasts:palm_tree_log":5,"minecraft:grass":17,"minecraft:bookshelf":7,"minecraft:oak_log":1,"regions_unexplored:medium_grass":12,"minecraft:stone":6,"minecraft:oak_planks":10},"minecraft:dropped":{"minecraft:shield":1,"minecraft:white_wool":4},"minecraft:killed":{"minecraft:sheep":1,"minecraft:zombie":1,"alexsmobs:seagull":1},"minecraft:custom":{"minecraft:time_since_rest":17249,"minecraft:sprint_one_cm":22967,"minecraft:damage_taken":390,"minecraft:walk_one_cm":58834,"minecraft:mob_kills":3,"minecraft:drop":3,"minecraft:damage_dealt":421,"minecraft:interact_with_crafting_table":6,"minecraft:fly_one_cm":8385,"minecraft:crouch_one_cm":6923,"minecraft:play_time":17249,"minecraft:sneak_time":1652,"minecraft:jump":95,"minecraft:time_since_death":17249,"minecraft:climb_one_cm":3600,"minecraft:total_world_time":17249,"minecraft:fall_one_cm":956},"minecraft:crafted":{"gamma_beasts:palm_tree_planks":20,"minecraft:shield":2,"minecraft:stick":12,"minecraft:wooden_pickaxe":1,"minecraft:wooden_axe":1,"minecraft:iron_sword":1},"minecraft:used":{"minecraft:wooden_axe":9,"minecraft:bread":4,"minecraft:wooden_pickaxe":6,"minecraft:iron_sword":4,"minecraft:mutton":1,"minecraft:black_bed":1},"minecraft:picked_up":{"minecraft:book":21,"minecraft:feather":1,"minecraft:black_bed":1,"gamma_beasts:palm_tree_log":5,"minecraft:string":1,"regions_unexplored:barley":201,"minecraft:rotten_flesh":1,"minecraft:wheat_seeds":4,"minecraft:bread":4,"minecraft:mutton":2,"minecraft:oak_planks":10,"minecraft:white_wool":4,"minecraft:cobblestone":6}},"DataVersion":3465}