{"stats":{"minecraft:dropped":{"minecraft:oak_log":5,"minecraft:glow_ink_sac":2,"rpgsmw:miphril_axe":1,"onlyhammers:stone_hammer":7,"minecraft:cookie":9,"aquaculture:minnow":12,"minecraft:cracked_stone_bricks":1,"born_in_chaos_v1:pieceofdarkmetal":1,"aquaculture:driftwood":1,"minecraft:brown_banner":1,"iceandfire:graveyard_soil":3,"minecraft:dirt":19,"minecraft:dark_oak_fence":2,"minecraft:cornflower":1,"minecraft:cut_sandstone":2,"epicsamurai:jade":1,"minecraft:bone_meal":1,"minecraft:iron_pickaxe":1,"minecraft:fishing_rod":2,"minecraft:white_wool":4,"biomesoplenty:toadstool":1,"minecraft:stone_axe":3,"minecraft:cooked_chicken":2,"minecraft:cobbled_deepslate":1715,"minecraft:wheat":2,"minecraft:rotten_flesh":4,"minecraft:mossy_stone_brick_slab":1,"minecraft:azure_bluet":1,"minecraft:carrot":6,"iceandfire:ghost_chest":1,"aquaculture:algae":1,"aquaculture:bluegill":8,"biomesoplenty:wildflower":7,"born_in_chaos_v1:corpse_maggot":10,"minecraft:leather_boots":1,"minecraft:iron_bars":3,"minecraft:arrow":1,"minecraft:stone_brick_stairs":1,"minecraft:netherrack":8,"farmersdelight:tomato_seeds":6,"minecraft:water_bucket":1,"minecraft:bread":26,"regions_unexplored:fireweed":4,"minecraft:wheat_seeds":101,"gamma_beasts:coal_nugget":8,"minecraft:cobblestone":329,"minecraft:iron_helmet":1,"chococraft:gysahl_green_seeds":4,"minecraft:tropical_fish":1,"regions_unexplored:daisy":4,"onlyhammers:obsidian_hammer":1,"minecraft:golden_carrot":4,"minecraft:torch":3,"minecraft:wooden_axe":2,"chococraft:chocobo_drumstick_raw":1,"skilltree:gem":15,"minecraft:jungle_door":1,"minecraft:iron_leggings":234,"minecraft:wither_rose":1,"minecraft:smooth_sandstone":4,"minecraft:stone_brick_slab":4,"minecraft:acacia_planks":2,"minecraft:spruce_sapling":2,"minecraft:dandelion":2,"ars_nouveau:caster_tome":1,"minecraft:polished_diorite":1,"minecraft:moss_carpet":5,"minecraft:tuff":32,"minecraft:raw_iron":39,"regions_unexplored:hyssop":7,"better_fishing_rods:rare_enchantment_book":1,"minecraft:hay_block":1,"minecraft:shield":1,"minecraft:spruce_planks":2,"minecraft:diamond_pickaxe":1,"minecraft:oak_sapling":6,"minecraft:stone_bricks":1,"minecraft:wooden_pickaxe":3,"chococraft:gysahl_green":51,"minecraft:black_wool":1},"minecraft:custom":{"lootr:looted_stat":6,"minecraft:interact_with_crafting_table":78,"minecraft:leave_game":6,"minecraft:time_since_death":50663,"minecraft:sprint_one_cm":1806925,"minecraft:damage_blocked_by_shield":875,"minecraft:drop":446,"minecraft:talked_to_villager":9,"minecraft:play_time":496375,"minecraft:deaths":29,"minecraft:jump":5232,"minecraft:walk_on_water_one_cm":101024,"minecraft:interact_with_furnace":25,"minecraft:sleep_in_bed":16,"minecraft:waystone_activated":9,"minecraft:damage_dealt":16851,"minecraft:crouch_one_cm":27117,"minecraft:interact_with_smoker":1,"minecraft:interact_with_smithing_table":2,"minecraft:mob_kills":94,"minecraft:damage_dealt_resisted":48,"minecraft:climb_one_cm":6684,"minecraft:walk_one_cm":473659,"minecraft:sneak_time":37214,"minecraft:walk_under_water_one_cm":42155,"minecraft:boat_one_cm":8158,"minecraft:interact_with_blast_furnace":4,"minecraft:total_world_time":496375,"minecraft:time_since_rest":591,"minecraft:damage_taken":13994,"minecraft:swim_one_cm":106532,"minecraft:fly_one_cm":1230209,"minecraft:open_chest":54,"minecraft:fish_caught":49,"minecraft:fall_one_cm":136013},"minecraft:mined":{"minecraft:spruce_planks":6,"minecraft:white_bed":1,"minecraft:mossy_stone_brick_slab":1,"minecraft:obsidian":12,"minecraft:granite":39,"minecraft:acacia_log":4,"minecraft:grass_block":21,"minecraft:polished_diorite":1,"minecraft:tall_seagrass":2,"epicsamurai:deepslate_jade_ore":5,"gemsnjewels:dusk_emerald_deepslate_ore_block":2,"minecraft:fire":13,"minecraft:iron_ore":53,"minecraft:cobbled_deepslate":133,"minecraft:deepslate_lapis_ore":6,"minecraft:azure_bluet":1,"chococraft:gysahl_green":55,"iceandfire:gold_pile":31,"minecraft:iron_bars":1,"minecraft:light_gray_concrete":8,"minecraft:deepslate_redstone_ore":22,"minecraft:cut_sandstone":2,"biomesoplenty:wildflower":1,"minecraft:torch":5,"minecraft:blast_furnace":1,"iceandfire:ghost_chest":3,"minecraft:dead_bush":1,"minecraft:cobblestone":4,"regions_unexplored:meadow_sage":1,"minecraft:oak_planks":58,"minecraft:wall_torch":11,"regions_unexplored:hyssop":2,"regions_unexplored:sandy_tall_grass":1,"gemsnjewels:sapphire_deepslate_ore_block":1,"minecraft:wheat":26,"epicsamurai:aquamarine_ore":4,"minecraft:stone_brick_stairs":1,"regions_unexplored:mauve_leaves":1,"minecraft:black_bed":1,"gamma_beasts:palm_tree_log":8,"minecraft:wither_rose":1,"regions_unexplored:steppe_grass":1,"minecraft:grass":297,"minecraft:oak_log":119,"minecraft:sand":20,"minecraft:dirt":47,"minecraft:netherrack":8,"regions_unexplored:fireweed":4,"minecraft:oak_leaves":13,"minecraft:deepslate":3226,"minecraft:crying_obsidian":1,"minecraft:tuff":177,"iceandfire:silver_ore":1,"minecraft:mossy_cobblestone":2,"minecraft:deepslate_diamond_ore":18,"regions_unexplored:barley":363,"minecraft:dark_oak_log":1,"biomesoplenty:desert_grass":36,"minecraft:dark_oak_fence":2,"biomesoplenty:bush":1,"minecraft:spruce_leaves":1,"biomesoplenty:dune_grass":1,"minecraft:large_fern":1,"minecraft:hay_block":11,"minecraft:redstone_ore":7,"biomesoplenty:toadstool":1,"minecraft:gold_block":1,"minecraft:bookshelf":7,"minecraft:potatoes":1,"minecraft:deepslate_iron_ore":14,"minecraft:vine":1,"biomesoplenty:barley":86,"regions_unexplored:medium_grass":28,"minecraft:stone":2187,"regions_unexplored:redwood_log":10,"minecraft:smithing_table":1,"epicsamurai:jade_ore":2,"minecraft:acacia_leaves":3,"ars_nouveau:green_archwood_log":61,"minecraft:stone_brick_slab":4,"minecraft:dandelion":1,"epicsamurai:deepslate_aquamarine_ore":6,"minecraft:smooth_sandstone":6,"minecraft:crafting_table":7,"minecraft:cornflower":1,"minecraft:rose_bush":1,"minecraft:copper_ore":42,"minecraft:tall_grass":28,"regions_unexplored:mauve_log":2,"minecraft:deepslate_gold_ore":16,"farmersdelight:wild_tomatoes":2,"regions_unexplored:daisy":3,"gamma_beasts:deepslate_prehnite_ore":3,"minecraft:spruce_log":12,"regions_unexplored:sandy_grass":3,"minecraft:coal_ore":39,"minecraft:gravel":31,"minecraft:acacia_door":1,"minecraft:cobweb":26,"minecraft:cracked_stone_bricks":1,"minecraft:stone_bricks":4,"minecraft:fern":7},"minecraft:used":{"minecraft:chest":3,"minecraft:shield":25,"minecraft:iron_sword":316,"minecraft:iron_chestplate":1,"better_fishing_rods:lucky_fishing_rod":8,"minecraft:mutton":1,"minecraft:carrot":3,"regions_unexplored:mauve_sapling":1,"iceandfire:ghost_chest":2,"minecraft:iron_helmet":1,"minecraft:golden_sword":27,"minecraft:oak_sapling":1,"minecraft:furnace":5,"ars_nouveau:sourceberry_bush":1,"minecraft:potato":13,"minecraft:oak_planks":3,"minecraft:wooden_pickaxe":32,"minecraft:cookie":1,"minecraft:blast_furnace":1,"rpgsmw:miphril_axe":84,"minecraft:black_bed":1,"onlyhammers:stone_hammer":5153,"waystones:waystone":8,"minecraft:acacia_door":1,"minecraft:bread":123,"minecraft:gravel":8,"chococraft:gysahl_green":14,"minecraft:oak_boat":5,"minecraft:golden_pickaxe":12,"minecraft:experience_bottle":2,"sophisticatedbackpacks:iron_backpack":4,"onlyhammers:obsidian_hammer":1367,"minecraft:stone_shovel":97,"minecraft:spruce_planks":7,"minecraft:torch":50,"minecraft:wooden_axe":118,"minecraft:iron_axe":145,"minecraft:smooth_sandstone":2,"minecraft:iron_boots":1,"comforts:sleeping_bag_white":4,"minecraft:cobbled_deepslate":393,"minecraft:iron_leggings":16,"minecraft:golden_axe":11,"minecraft:wheat_seeds":14,"minecraft:water_bucket":6,"minecraft:crafting_table":21,"minecraft:white_bed":4,"minecraft:light_gray_concrete_powder":8,"minecraft:diamond_pickaxe":2,"minecraft:apple":2,"chococraft:gysahl_green_seeds":17,"minecraft:iron_pickaxe":261,"minecraft:stone_axe":91,"minecraft:fishing_rod":79,"minecraft:cobblestone":68,"minecraft:bucket":6},"minecraft:killed":{"minecraft:spider":2,"minecraft:skeleton":1,"alexsmobs:kangaroo":1,"enemyexpansion:vampflyer":1,"minecraft:pig":1,"minecraft:zombie_villager":3,"iceandfire:cockatrice":1,"minecraft:sheep":22,"minecraft:trader_llama":2,"minecraft:pillager":3,"enemyexpansion:meature":1,"minecraft:zombie":7,"enemyexpansion:vampire":1,"born_in_chaos_v1:corpse_fly":8,"minecraft:cow":11,"chococraft:chocobo":1,"minecraft:vindicator":2,"alexsmobs:seagull":1,"born_in_chaos_v1:zombie_bruiser":1,"born_in_chaos_v1:maggot":7,"minecraft:phantom":2,"minecraft:horse":5,"born_in_chaos_v1:corpse_fish":1,"enemyexpansion:goblin":1,"born_in_chaos_v1:baby_skeleton":1,"born_in_chaos_v1:swarmer":2,"minecraft:bat":1,"enemyexpansion:sprinter":1,"alexsmobs:emu":2},"minecraft:killed_by":{"enemyexpansion:slugger":1},"minecraft:broken":{"minecraft:iron_chestplate":1,"onlyhammers:stone_hammer":3,"minecraft:iron_axe":1,"minecraft:iron_helmet":1},"minecraft:picked_up":{"chococraft:loverly_gysahl_green":4,"minecraft:iron_chestplate":1,"minecraft:wheat":39,"minecraft:chainmail_boots":1,"iceandfire:copper_sword":1,"aquaculture:catfish":1,"minecraft:smithing_table":1,"minecraft:lead":2,"minecraft:wither_rose":1,"minecraft:enchanted_book":1,"minecraft:stone_brick_stairs":1,"minecraft:string":24,"aquaculture:muskellunge":1,"minecraft:raw_copper":125,"gemsnjewels:sapphire":1,"minecraft:iron_leggings":116,"minecraft:pufferfish":3,"minecraft:experience_bottle":2,"alexsmobs:emu_feather":3,"minecraft:gold_nugget":262,"minecraft:cobbled_deepslate":2704,"comforts:sleeping_bag_white":4,"minecraft:spruce_planks":18,"ars_nouveau:mendosteen_pod":3,"regions_unexplored:redwood_log":10,"minecraft:iron_boots":1,"minecraft:stick":36,"iceandfire:ghost_chest":3,"minecraft:jungle_door":1,"minecraft:acacia_fence":1,"minecraft:torch":21,"minecraft:acacia_log":8,"gemsnjewels:dusk_emerald":2,"minecraft:porkchop":1,"regions_unexplored:daisy":5,"regions_unexplored:barley":246,"minecraft:rotten_flesh":34,"minecraft:tropical_fish":1,"aquaculture:algae":1,"regions_unexplored:mauve_log":3,"gamma_beasts:coal_nugget":12,"rpgsmw:edmantium":2,"chococraft:chocobo_drumstick_raw":1,"minecraft:obsidian":12,"minecraft:iron_bars":3,"minecraft:cod":9,"minecraft:cobblestone":1750,"minecraft:feather":3,"minecraft:water_bucket":1,"minecraft:black_bed":1,"gamma_beasts:prehnite":3,"minecraft:potato":4,"minecraft:flint":2,"minecraft:tuff":156,"skilltree:gem":35,"minecraft:lapis_lazuli":38,"minecraft:dirt":98,"better_fishing_rods:epic_enchantment_book":2,"minecraft:leather_boots":1,"better_fishing_rods:common_enchantment_book":7,"minecraft:bone":13,"minecraft:acacia_planks":1,"minecraft:wheat_seeds":180,"minecraft:raw_gold":16,"minecraft:oak_planks":55,"biomesoplenty:toadstool":1,"minecraft:ghast_tear":1,"aquaculture:gar":1,"gamma_beasts:palm_tree_log":8,"minecraft:sand":20,"minecraft:ink_sac":1,"minecraft:dark_oak_log":2,"minecraft:light_gray_concrete":8,"alexsmobs:kangaroo_hide":1,"regions_unexplored:hyssop":7,"minecraft:diamond":18,"waystones:waystone":8,"minecraft:granite":39,"minecraft:bone_meal":1,"minecraft:bread":30,"minecraft:emerald":3,"minecraft:oak_sapling":26,"minecraft:netherrack":8,"minecraft:dark_oak_fence":2,"minecraft:fishing_rod":1,"minecraft:crafting_table":7,"minecraft:azure_bluet":1,"iceandfire:witherbone":2,"minecraft:wooden_pickaxe":2,"minecraft:gold_block":1,"minecraft:shield":1,"minecraft:cornflower":1,"minecraft:acacia_door":1,"minecraft:moss_carpet":5,"better_fishing_rods:lucky_pad_fragment":8,"epicsamurai:jade":7,"iceandfire:graveyard_soil":3,"minecraft:cracked_stone_bricks":1,"aquaculture:bluegill":8,"minecraft:beef":15,"minecraft:oak_boat":3,"born_in_chaos_v1:gnawed_bones":1,"onlyhammers:stone_hammer":2,"biomesoplenty:wildflower":7,"minecraft:raw_iron":63,"aquaculture:driftwood":1,"sophisticatedbackpacks:backpack":2,"aquaculture:perch":6,"farmersdelight:tomato_seeds":6,"minecraft:cookie":10,"born_in_chaos_v1:pieceofdarkmetal":1,"minecraft:carrot":3,"minecraft:redstone":111,"ars_nouveau:green_archwood_log":1,"iceandfire:silver_ingot":3,"minecraft:arrow":3,"regions_unexplored:mauve_sapling":1,"aquaculture:brown_trout":4,"minecraft:hay_block":11,"aquaculture:carp":1,"minecraft:gold_ingot":1,"minecraft:mutton":25,"minecraft:rail":2,"alexsmobs:kangaroo_meat":2,"minecraft:white_wool":24,"born_in_chaos_v1:corpse_maggot":10,"minecraft:golden_carrot":4,"minecraft:glow_ink_sac":2,"minecraft:tripwire_hook":1,"minecraft:salmon":8,"minecraft:cut_sandstone":2,"minecraft:leather":10,"minecraft:oak_log":119,"minecraft:yellow_bed":1,"minecraft:gunpowder":2,"chococraft:chocobo_feather":2,"minecraft:smooth_sandstone":6,"ars_nouveau:green_archwood_sapling":2,"chococraft:gysahl_green":123,"minecraft:apple":2,"minecraft:stone_bricks":1,"chococraft:gold_gysahl":6,"minecraft:spruce_wood":6,"minecraft:iron_ingot":57,"regions_unexplored:redwood_sapling":3,"minecraft:cooked_chicken":2,"aquaculture:minnow":12,"epicsamurai:aquamarine":10,"minecraft:book":21,"aquaculture:smallmouth_bass":2,"minecraft:stone_brick_slab":4,"minecraft:dandelion":2,"minecraft:gravel":27,"chococraft:gysahl_green_seeds":54,"minecraft:spruce_sapling":4,"minecraft:blast_furnace":1,"minecraft:white_bed":1,"minecraft:spruce_log":18,"minecraft:crying_obsidian":1,"minecraft:mossy_stone_brick_slab":1,"better_fishing_rods:lucky_pad":1,"minecraft:slime_ball":10,"regions_unexplored:fireweed":4,"minecraft:stone_axe":1,"better_fishing_rods:rare_enchantment_book":4,"minecraft:polished_diorite":1,"minecraft:iron_helmet":1,"minecraft:brown_banner":1,"minecraft:black_wool":1,"minecraft:coal":39},"minecraft:crafted":{"minecraft:light_gray_concrete_powder":8,"minecraft:oak_planks":280,"aquaculture:fish_fillet_raw":69,"minecraft:iron_boots":1,"minecraft:chest":5,"sophisticatedbackpacks:backpack":2,"minecraft:crafting_table":15,"minecraft:spruce_planks":72,"minecraft:iron_helmet":1,"farmersdelight:flint_knife":1,"minecraft:wooden_pickaxe":2,"better_fishing_rods:lucky_fishing_rod":1,"onlyhammers:obsidian_hammer":2,"minecraft:iron_chestplate":1,"minecraft:diamond_pickaxe":1,"minecraft:charcoal":6,"minecraft:shield":2,"minecraft:stick":488,"minecraft:iron_pickaxe":1,"minecraft:iron_ingot":22,"minecraft:gold_ingot":29,"minecraft:light_gray_dye":1,"onlyhammers:stone_hammer":9,"minecraft:stone_shovel":2,"minecraft:fishing_rod":3,"comforts:sleeping_bag_white":1,"minecraft:furnace":5,"regions_unexplored:mauve_planks":12,"minecraft:iron_axe":1,"tinymobfarm:lasso":1,"minecraft:dark_oak_planks":8,"sophisticatedbackpacks:iron_backpack":2,"minecraft:iron_sword":2,"minecraft:stone_axe":4,"minecraft:bread":95,"minecraft:air":0,"minecraft:oak_boat":4,"gamma_beasts:palm_tree_planks":32,"minecraft:wooden_axe":4,"minecraft:white_bed":3,"minecraft:acacia_planks":32,"minecraft:torch":36}},"DataVersion":3465}