{"stats":{"minecraft:custom":{"lootr:looted_stat":6,"minecraft:interact_with_crafting_table":110,"minecraft:leave_game":7,"minecraft:time_since_death":18391,"minecraft:sprint_one_cm":2071614,"minecraft:damage_blocked_by_shield":875,"minecraft:drop":558,"minecraft:talked_to_villager":35,"minecraft:play_time":608203,"minecraft:deaths":47,"minecraft:jump":5821,"minecraft:walk_on_water_one_cm":108829,"minecraft:interact_with_furnace":49,"minecraft:traded_with_villager":17,"minecraft:sleep_in_bed":19,"minecraft:waystone_activated":9,"minecraft:damage_dealt":19339,"tombstone:undead_killed":1,"minecraft:crouch_one_cm":30363,"minecraft:interact_with_smoker":3,"minecraft:interact_with_smithing_table":2,"minecraft:mob_kills":105,"minecraft:damage_dealt_resisted":48,"minecraft:climb_one_cm":6684,"minecraft:walk_one_cm":644783,"minecraft:sneak_time":38713,"minecraft:walk_under_water_one_cm":42384,"minecraft:boat_one_cm":8158,"minecraft:interact_with_blast_furnace":11,"minecraft:total_world_time":608203,"minecraft:interact_with_grindstone":5,"minecraft:interact_with_stonecutter":2,"minecraft:time_since_rest":18164,"minecraft:damage_taken":19487,"minecraft:swim_one_cm":107433,"minecraft:fly_one_cm":1343605,"minecraft:open_chest":144,"minecraft:fish_caught":49,"minecraft:fall_one_cm":153017},"minecraft:crafted":{"minecraft:light_gray_concrete_powder":8,"minecraft:grindstone":2,"minecraft:oak_planks":404,"minecraft:stone":9,"aquaculture:fish_fillet_raw":69,"minecraft:quartz_block":2,"spartanweaponry:bolt":48,"minecraft:iron_boots":1,"minecraft:chest":10,"minecraft:chiseled_quartz_block":2,"minecraft:emerald":12,"sophisticatedbackpacks:backpack":2,"minecraft:diamond_axe":1,"minecraft:crafting_table":15,"minecraft:spruce_planks":72,"farmersdelight:flint_knife":1,"minecraft:iron_helmet":1,"minecraft:wooden_pickaxe":2,"better_fishing_rods:lucky_fishing_rod":1,"spartanweaponry:iron_longbow":2,"onlyhammers:obsidian_hammer":2,"minecraft:iron_chestplate":1,"minecraft:charcoal":6,"minecraft:diamond_pickaxe":1,"minecraft:shield":2,"minecraft:stone_slab":6,"minecraft:stick":492,"minecraft:iron_pickaxe":1,"minecraft:iron_ingot":27,"minecraft:gold_ingot":29,"minecraft:light_gray_dye":1,"onlyhammers:stone_hammer":9,"minecraft:stone_shovel":2,"minecraft:fishing_rod":3,"comforts:sleeping_bag_white":1,"minecraft:furnace":5,"minecraft:diamond_block":2,"minecraft:flint_and_steel":1,"regions_unexplored:mauve_planks":12,"minecraft:iron_axe":1,"tinymobfarm:lasso":1,"minecraft:dark_oak_planks":8,"sophisticatedbackpacks:iron_backpack":2,"editenchanting:enchantment_edit_table":1,"minecraft:iron_sword":2,"minecraft:stone_axe":4,"minecraft:bread":95,"minecraft:air":0,"minecraft:oak_boat":4,"gamma_beasts:palm_tree_planks":32,"minecraft:wooden_axe":4,"minecraft:stonecutter":1,"minecraft:white_bed":3,"minecraft:acacia_planks":32,"minecraft:torch":36,"minecraft:lapis_block":2},"minecraft:used":{"minecraft:chest":8,"minecraft:shield":25,"minecraft:iron_sword":334,"minecraft:iron_chestplate":2,"better_fishing_rods:lucky_fishing_rod":8,"minecraft:mutton":1,"minecraft:carrot":3,"regions_unexplored:mauve_sapling":1,"minecraft:obsidian":11,"iceandfire:ghost_chest":2,"minecraft:iron_helmet":3,"minecraft:golden_sword":27,"minecraft:oak_sapling":1,"minecraft:furnace":5,"ars_nouveau:sourceberry_bush":1,"minecraft:potato":13,"minecraft:oak_planks":3,"minecraft:wooden_pickaxe":35,"minecraft:diamond_axe":525,"minecraft:cookie":1,"minecraft:blast_furnace":3,"rpgsmw:miphril_axe":84,"minecraft:black_bed":1,"onlyhammers:stone_hammer":5153,"waystones:waystone":8,"minecraft:acacia_door":1,"editenchanting:enchantment_edit_table":1,"minecraft:bread":123,"minecraft:gravel":8,"minecraft:grindstone":3,"minecraft:oak_boat":5,"chococraft:gysahl_green":51,"minecraft:experience_bottle":2,"minecraft:golden_pickaxe":12,"sophisticatedbackpacks:iron_backpack":4,"minecraft:flint_and_steel":1,"onlyhammers:obsidian_hammer":2312,"minecraft:stone_shovel":97,"minecraft:spruce_planks":7,"minecraft:netherrack":7,"minecraft:torch":54,"spartanweaponry:iron_longbow":1,"minecraft:wooden_axe":118,"minecraft:iron_axe":145,"minecraft:smooth_sandstone":2,"minecraft:iron_boots":1,"minecraft:beef":5,"tombstone:gift":2,"comforts:sleeping_bag_white":4,"minecraft:cobbled_deepslate":445,"minecraft:iron_leggings":21,"minecraft:golden_axe":11,"minecraft:wheat_seeds":14,"minecraft:water_bucket":6,"minecraft:stonecutter":2,"minecraft:crafting_table":21,"minecraft:light_gray_concrete_powder":8,"minecraft:white_bed":4,"minecraft:diamond_pickaxe":2,"minecraft:apple":9,"chococraft:gysahl_green_seeds":24,"minecraft:iron_pickaxe":278,"minecraft:stone_axe":91,"minecraft:fishing_rod":79,"minecraft:cobblestone":68,"minecraft:porkchop":2,"minecraft:bucket":6,"minecraft:yellow_bed":1},"minecraft:mined":{"minecraft:spruce_planks":6,"minecraft:white_bed":1,"minecraft:mossy_stone_brick_slab":1,"minecraft:obsidian":27,"minecraft:granite":39,"minecraft:acacia_log":4,"minecraft:grass_block":21,"minecraft:polished_diorite":1,"minecraft:tall_seagrass":2,"epicsamurai:deepslate_jade_ore":5,"minecraft:magma_block":4,"gemsnjewels:dusk_emerald_deepslate_ore_block":2,"bno:nether_coal_ore":8,"minecraft:cobbled_deepslate":143,"minecraft:iron_ore":53,"minecraft:fire":13,"regions_unexplored:mossy_stone":15,"minecraft:deepslate_lapis_ore":6,"minecraft:azure_bluet":1,"chococraft:gysahl_green":64,"iceandfire:gold_pile":31,"bno:nether_iron_ore":18,"minecraft:iron_bars":1,"minecraft:light_gray_concrete":8,"minecraft:deepslate_redstone_ore":24,"minecraft:cut_sandstone":2,"biomesoplenty:wildflower":1,"minecraft:torch":6,"minecraft:blast_furnace":4,"iceandfire:ghost_chest":3,"minecraft:dead_bush":1,"minecraft:nether_quartz_ore":17,"minecraft:cobblestone":4,"regions_unexplored:meadow_sage":1,"minecraft:grindstone":2,"minecraft:oak_planks":58,"minecraft:wall_torch":13,"regions_unexplored:hyssop":2,"regions_unexplored:sandy_tall_grass":1,"epicsamurai:aquamarine_ore":4,"minecraft:wheat":26,"gemsnjewels:sapphire_deepslate_ore_block":1,"regions_unexplored:mauve_leaves":1,"minecraft:black_bed":1,"gamma_beasts:palm_tree_log":8,"minecraft:wither_rose":1,"minecraft:stone_brick_stairs":1,"regions_unexplored:steppe_grass":1,"minecraft:grass":310,"minecraft:oak_log":225,"minecraft:sand":20,"minecraft:dirt":47,"minecraft:stonecutter":2,"bno:nether_lapis_ore":4,"minecraft:netherrack":644,"minecraft:oak_leaves":15,"minecraft:deepslate":3319,"regions_unexplored:fireweed":4,"minecraft:nether_gold_ore":5,"minecraft:crying_obsidian":1,"minecraft:tuff":177,"iceandfire:silver_ore":1,"minecraft:mossy_cobblestone":2,"minecraft:deepslate_diamond_ore":18,"regions_unexplored:barley":363,"biomesoplenty:desert_grass":37,"minecraft:dark_oak_log":1,"minecraft:dark_oak_fence":2,"biomesoplenty:bush":1,"minecraft:spruce_leaves":1,"biomesoplenty:dune_grass":1,"minecraft:large_fern":1,"minecraft:hay_block":11,"minecraft:redstone_ore":7,"biomesoplenty:toadstool":1,"biomesoplenty:flesh":2,"minecraft:gold_block":1,"minecraft:bookshelf":7,"minecraft:potatoes":1,"minecraft:vine":1,"minecraft:deepslate_iron_ore":14,"biomesoplenty:barley":86,"regions_unexplored:medium_grass":29,"minecraft:stone":2197,"regions_unexplored:redwood_log":101,"minecraft:smithing_table":1,"minecraft:acacia_leaves":3,"epicsamurai:jade_ore":2,"ars_nouveau:green_archwood_log":61,"minecraft:stone_brick_slab":4,"minecraft:dandelion":1,"epicsamurai:deepslate_aquamarine_ore":6,"minecraft:crafting_table":7,"minecraft:smooth_sandstone":6,"minecraft:cornflower":1,"minecraft:rose_bush":4,"minecraft:copper_ore":42,"minecraft:tall_grass":34,"regions_unexplored:mauve_log":2,"farmersdelight:wild_tomatoes":2,"minecraft:deepslate_gold_ore":16,"regions_unexplored:daisy":3,"bno:nether_copper_ore":3,"minecraft:air":142,"gamma_beasts:deepslate_prehnite_ore":3,"biomesoplenty:mahogany_log":98,"minecraft:spruce_log":12,"regions_unexplored:sandy_grass":3,"minecraft:coal_ore":39,"minecraft:gravel":33,"minecraft:acacia_door":1,"minecraft:cobweb":26,"minecraft:cracked_stone_bricks":1,"minecraft:stone_bricks":4,"minecraft:fern":10},"minecraft:dropped":{"minecraft:iron_sword":1,"minecraft:oak_log":5,"minecraft:glow_ink_sac":2,"rpgsmw:miphril_axe":1,"onlyhammers:stone_hammer":7,"minecraft:cookie":9,"aquaculture:minnow":12,"minecraft:cracked_stone_bricks":1,"born_in_chaos_v1:pieceofdarkmetal":1,"aquaculture:driftwood":1,"minecraft:brown_banner":1,"iceandfire:graveyard_soil":3,"minecraft:emerald":60,"minecraft:dirt":19,"minecraft:dark_oak_fence":2,"minecraft:cornflower":1,"minecraft:cut_sandstone":2,"epicsamurai:jade":1,"minecraft:bone_meal":1,"minecraft:iron_pickaxe":1,"minecraft:fishing_rod":2,"minecraft:white_wool":4,"minecraft:gravel":1,"biomesoplenty:toadstool":1,"minecraft:stone_axe":3,"minecraft:cooked_chicken":2,"minecraft:cobbled_deepslate":1724,"minecraft:wheat":2,"minecraft:rotten_flesh":5,"artifacts:villager_hat":1,"minecraft:mossy_stone_brick_slab":1,"spartanweaponry:iron_longbow":1,"minecraft:azure_bluet":1,"minecraft:carrot":6,"iceandfire:ghost_chest":1,"aquaculture:algae":1,"aquaculture:bluegill":8,"biomesoplenty:wildflower":7,"born_in_chaos_v1:corpse_maggot":10,"minecraft:leather_boots":1,"minecraft:chainmail_boots":1,"minecraft:iron_bars":3,"minecraft:arrow":3,"biomesoplenty:flesh":1,"minecraft:stone_brick_stairs":1,"minecraft:netherrack":456,"farmersdelight:tomato_seeds":6,"minecraft:enchanted_book":9,"minecraft:water_bucket":1,"minecraft:iron_ingot":2,"minecraft:bread":26,"regions_unexplored:fireweed":4,"minecraft:wheat_seeds":103,"gamma_beasts:coal_nugget":8,"minecraft:book":61,"minecraft:cobblestone":329,"minecraft:iron_helmet":14,"chococraft:gysahl_green_seeds":4,"minecraft:tropical_fish":1,"regions_unexplored:daisy":4,"onlyhammers:obsidian_hammer":5,"minecraft:golden_carrot":4,"minecraft:torch":3,"minecraft:wooden_axe":2,"chococraft:chocobo_drumstick_raw":1,"skilltree:gem":15,"minecraft:jungle_door":1,"minecraft:iron_leggings":268,"minecraft:wither_rose":1,"minecraft:smooth_sandstone":4,"minecraft:spruce_sapling":2,"minecraft:acacia_planks":2,"minecraft:stone_brick_slab":4,"minecraft:dandelion":2,"ars_nouveau:caster_tome":1,"minecraft:polished_diorite":1,"minecraft:moss_carpet":20,"minecraft:tuff":32,"minecraft:raw_iron":39,"minecraft:iron_boots":9,"spartanweaponry:bolt":24,"regions_unexplored:hyssop":7,"better_fishing_rods:rare_enchantment_book":1,"minecraft:hay_block":1,"minecraft:shield":1,"minecraft:spruce_planks":2,"minecraft:diamond_pickaxe":1,"minecraft:iron_chestplate":13,"minecraft:oak_sapling":6,"minecraft:stone_bricks":1,"minecraft:wooden_pickaxe":4,"minecraft:magma_block":1,"chococraft:gysahl_green":51,"minecraft:black_wool":1},"minecraft:picked_up":{"minecraft:wheat":39,"chococraft:loverly_gysahl_green":5,"minecraft:iron_chestplate":6,"minecraft:chainmail_boots":3,"iceandfire:copper_sword":1,"aquaculture:catfish":1,"minecraft:smithing_table":1,"minecraft:lead":2,"minecraft:wither_rose":1,"minecraft:enchanted_book":12,"minecraft:stone_brick_stairs":1,"tombstone:grave_key":1,"minecraft:string":24,"aquaculture:muskellunge":1,"minecraft:raw_copper":138,"gemsnjewels:sapphire":1,"minecraft:iron_leggings":148,"minecraft:pufferfish":3,"minecraft:experience_bottle":2,"alexsmobs:emu_feather":3,"minecraft:gold_nugget":284,"minecraft:cobbled_deepslate":2823,"comforts:sleeping_bag_white":4,"minecraft:spruce_planks":18,"minecraft:rose_bush":2,"ars_nouveau:mendosteen_pod":3,"regions_unexplored:redwood_log":10,"minecraft:iron_boots":7,"minecraft:acacia_fence":1,"minecraft:stick":96,"iceandfire:ghost_chest":3,"minecraft:jungle_door":1,"minecraft:torch":24,"minecraft:acacia_log":8,"minecraft:porkchop":4,"gemsnjewels:dusk_emerald":2,"regions_unexplored:daisy":5,"regions_unexplored:barley":246,"minecraft:rotten_flesh":37,"minecraft:tropical_fish":1,"aquaculture:algae":1,"artifacts:villager_hat":1,"biomesoplenty:mahogany_sapling":12,"regions_unexplored:mauve_log":3,"gamma_beasts:coal_nugget":12,"chococraft:chocobo_drumstick_raw":1,"rpgsmw:edmantium":2,"minecraft:obsidian":27,"minecraft:iron_bars":3,"minecraft:cod":9,"minecraft:cobblestone":1760,"minecraft:magma_block":1,"minecraft:feather":4,"minecraft:water_bucket":1,"minecraft:black_bed":1,"gamma_beasts:prehnite":3,"minecraft:potato":4,"minecraft:flint":3,"minecraft:tuff":156,"onlyhammers:obsidian_hammer":2,"skilltree:gem":39,"minecraft:lapis_lazuli":68,"minecraft:dirt":98,"better_fishing_rods:epic_enchantment_book":2,"minecraft:leather_boots":1,"better_fishing_rods:common_enchantment_book":7,"minecraft:bone":13,"minecraft:acacia_planks":1,"minecraft:stonecutter":2,"minecraft:wheat_seeds":182,"minecraft:raw_gold":16,"minecraft:grindstone":2,"minecraft:oak_planks":55,"biomesoplenty:toadstool":1,"minecraft:ghast_tear":1,"aquaculture:gar":1,"gamma_beasts:palm_tree_log":8,"minecraft:sand":20,"minecraft:ink_sac":1,"minecraft:dark_oak_log":2,"minecraft:mossy_cobblestone":15,"minecraft:light_gray_concrete":8,"alexsmobs:kangaroo_hide":1,"regions_unexplored:hyssop":7,"minecraft:diamond":22,"waystones:waystone":8,"minecraft:granite":39,"minecraft:bone_meal":1,"minecraft:emerald":3,"minecraft:bread":30,"minecraft:oak_sapling":72,"minecraft:netherrack":591,"minecraft:dark_oak_fence":2,"minecraft:fishing_rod":1,"minecraft:crafting_table":7,"minecraft:azure_bluet":1,"iceandfire:witherbone":2,"biomesoplenty:flesh":1,"minecraft:wooden_pickaxe":2,"minecraft:gold_block":2,"minecraft:shield":1,"minecraft:cornflower":1,"minecraft:moss_carpet":20,"minecraft:acacia_door":1,"better_fishing_rods:lucky_pad_fragment":8,"epicsamurai:jade":7,"iceandfire:graveyard_soil":3,"minecraft:cracked_stone_bricks":1,"aquaculture:bluegill":8,"minecraft:beef":20,"minecraft:oak_boat":3,"born_in_chaos_v1:gnawed_bones":1,"onlyhammers:stone_hammer":2,"biomesoplenty:wildflower":7,"minecraft:raw_iron":81,"aquaculture:driftwood":1,"sophisticatedbackpacks:backpack":3,"aquaculture:perch":6,"farmersdelight:tomato_seeds":6,"minecraft:cookie":10,"born_in_chaos_v1:pieceofdarkmetal":1,"minecraft:carrot":3,"minecraft:redstone":121,"ars_nouveau:green_archwood_log":1,"iceandfire:silver_ingot":3,"minecraft:arrow":6,"regions_unexplored:mauve_sapling":1,"aquaculture:brown_trout":4,"minecraft:hay_block":11,"aquaculture:carp":1,"minecraft:gold_ingot":1,"minecraft:mutton":25,"minecraft:rail":2,"alexsmobs:kangaroo_meat":2,"minecraft:white_wool":24,"born_in_chaos_v1:corpse_maggot":10,"minecraft:tripwire_hook":1,"minecraft:golden_carrot":4,"minecraft:glow_ink_sac":2,"minecraft:salmon":8,"minecraft:cut_sandstone":2,"minecraft:leather":12,"minecraft:oak_log":213,"minecraft:yellow_bed":1,"minecraft:gunpowder":2,"chococraft:chocobo_feather":2,"minecraft:smooth_sandstone":6,"ars_nouveau:green_archwood_sapling":2,"chococraft:gysahl_green":173,"minecraft:apple":9,"minecraft:stone_bricks":1,"chococraft:gold_gysahl":7,"regions_unexplored:redwood_sapling":3,"minecraft:spruce_wood":6,"minecraft:iron_ingot":70,"minecraft:cooked_chicken":2,"aquaculture:minnow":12,"epicsamurai:aquamarine":10,"minecraft:iron_sword":1,"minecraft:book":51,"aquaculture:smallmouth_bass":2,"minecraft:stone_brick_slab":4,"minecraft:quartz":17,"born_in_chaos_v1:ethereal_spirit":5,"minecraft:dandelion":2,"minecraft:gravel":28,"minecraft:spruce_sapling":4,"chococraft:gysahl_green_seeds":63,"minecraft:blast_furnace":4,"minecraft:white_bed":1,"minecraft:spruce_log":18,"minecraft:crying_obsidian":1,"minecraft:mossy_stone_brick_slab":1,"better_fishing_rods:lucky_pad":1,"biomesoplenty:mahogany_log":98,"minecraft:slime_ball":10,"regions_unexplored:fireweed":4,"minecraft:stone_axe":1,"better_fishing_rods:rare_enchantment_book":4,"minecraft:polished_diorite":1,"minecraft:iron_helmet":5,"minecraft:black_wool":1,"minecraft:brown_banner":1,"minecraft:coal":63},"minecraft:broken":{"minecraft:iron_chestplate":1,"onlyhammers:stone_hammer":3,"minecraft:iron_axe":1,"minecraft:iron_helmet":1},"minecraft:killed_by":{"enemyexpansion:slugger":1,"born_in_chaos_v1:scarlet_persecutor":1,"minecraft:player":6,"minecraft:iron_golem":10},"minecraft:killed":{"minecraft:spider":2,"born_in_chaos_v1:scarlet_persecutor":4,"minecraft:skeleton":1,"alexsmobs:kangaroo":1,"enemyexpansion:vampflyer":1,"minecraft:pig":1,"minecraft:zombie_villager":3,"iceandfire:cockatrice":1,"minecraft:sheep":22,"minecraft:trader_llama":2,"minecraft:pillager":3,"enemyexpansion:meature":1,"minecraft:zombie":7,"enemyexpansion:vampire":1,"born_in_chaos_v1:corpse_fly":9,"minecraft:cow":13,"chococraft:chocobo":1,"minecraft:vindicator":2,"alexsmobs:seagull":1,"born_in_chaos_v1:zombie_bruiser":1,"born_in_chaos_v1:maggot":7,"minecraft:phantom":2,"minecraft:horse":5,"born_in_chaos_v1:corpse_fish":1,"enemyexpansion:goblin":1,"born_in_chaos_v1:baby_skeleton":1,"born_in_chaos_v1:swarmer":2,"minecraft:bat":1,"enemyexpansion:sprinter":2,"alexsmobs:emu":4}},"DataVersion":3465}