{"stats":{"minecraft:mined":{"minecraft:spruce_planks":4,"regions_unexplored:barley":362,"minecraft:dark_oak_log":1,"biomesoplenty:bush":1,"minecraft:grass_block":4,"minecraft:tall_grass":3,"minecraft:spruce_leaves":1,"minecraft:oak_planks":58,"minecraft:hay_block":1,"minecraft:spruce_log":11,"minecraft:black_bed":1,"gamma_beasts:palm_tree_log":5,"minecraft:grass":40,"minecraft:bookshelf":7,"chococraft:gysahl_green":20,"minecraft:oak_log":1,"minecraft:iron_bars":1,"minecraft:dirt":1,"minecraft:cobweb":21,"regions_unexplored:medium_grass":18,"minecraft:stone":22},"minecraft:dropped":{"minecraft:stone_axe":1,"minecraft:shield":1,"minecraft:spruce_planks":1,"minecraft:wooden_pickaxe":1,"minecraft:white_wool":4},"minecraft:killed":{"minecraft:zombie_villager":3,"alexsmobs:seagull":1,"iceandfire:cockatrice":1,"minecraft:sheep":1,"minecraft:zombie":1},"minecraft:custom":{"minecraft:interact_with_furnace":15,"minecraft:mob_kills":7,"minecraft:interact_with_crafting_table":11,"minecraft:time_since_death":40208,"minecraft:sleep_in_bed":1,"minecraft:climb_one_cm":5268,"minecraft:time_since_rest":38205,"minecraft:sprint_one_cm":146382,"minecraft:damage_taken":1499,"minecraft:walk_one_cm":90748,"minecraft:damage_blocked_by_shield":875,"minecraft:drop":6,"minecraft:damage_dealt":1369,"minecraft:swim_one_cm":1341,"minecraft:fly_one_cm":91190,"minecraft:open_chest":2,"minecraft:crouch_one_cm":6923,"minecraft:play_time":77249,"minecraft:deaths":2,"minecraft:sneak_time":1680,"minecraft:walk_under_water_one_cm":595,"minecraft:jump":438,"minecraft:walk_on_water_one_cm":2844,"minecraft:total_world_time":77249,"minecraft:fall_one_cm":7636},"minecraft:crafted":{"minecraft:spruce_planks":52,"minecraft:wooden_pickaxe":1,"minecraft:iron_sword":1,"minecraft:furnace":2,"minecraft:stone_axe":2,"minecraft:bread":80,"minecraft:air":0,"gamma_beasts:palm_tree_planks":20,"minecraft:shield":2,"minecraft:stick":28,"minecraft:wooden_axe":1,"minecraft:dark_oak_planks":8},"minecraft:used":{"minecraft:oak_planks":3,"minecraft:wooden_pickaxe":23,"minecraft:spruce_planks":2,"minecraft:shield":25,"minecraft:iron_sword":62,"minecraft:mutton":1,"minecraft:black_bed":1,"minecraft:wooden_axe":41,"minecraft:bread":11,"minecraft:stone_axe":42,"minecraft:furnace":2,"minecraft:experience_bottle":1,"minecraft:iron_leggings":1},"minecraft:picked_up":{"chococraft:loverly_gysahl_green":1,"minecraft:feather":1,"iceandfire:witherbone":2,"minecraft:black_bed":1,"minecraft:wooden_pickaxe":1,"minecraft:string":19,"minecraft:dirt":5,"minecraft:iron_leggings":1,"minecraft:experience_bottle":1,"chococraft:gysahl_green":38,"chococraft:gold_gysahl":1,"minecraft:wheat_seeds":7,"minecraft:spruce_planks":4,"minecraft:cooked_chicken":2,"biomesoplenty:wildflower":2,"minecraft:oak_planks":55,"minecraft:book":21,"gamma_beasts:palm_tree_log":5,"minecraft:spruce_sapling":2,"chococraft:gysahl_green_seeds":19,"minecraft:spruce_log":13,"minecraft:dark_oak_log":2,"regions_unexplored:barley":245,"minecraft:rotten_flesh":3,"minecraft:hay_block":1,"minecraft:bread":4,"minecraft:brown_banner":1,"minecraft:mutton":2,"minecraft:iron_bars":1,"minecraft:white_wool":4,"minecraft:cobblestone":22}},"DataVersion":3465}