{"stats":{"minecraft:mined":{"minecraft:spruce_planks":4,"regions_unexplored:barley":363,"biomesoplenty:desert_grass":2,"minecraft:dark_oak_log":1,"biomesoplenty:bush":1,"minecraft:grass_block":5,"minecraft:tall_grass":6,"minecraft:spruce_leaves":1,"minecraft:oak_planks":58,"minecraft:hay_block":1,"minecraft:spruce_log":11,"minecraft:black_bed":1,"gamma_beasts:palm_tree_log":8,"minecraft:grass":49,"minecraft:bookshelf":7,"chococraft:gysahl_green":24,"minecraft:oak_log":1,"minecraft:iron_bars":1,"minecraft:sand":3,"minecraft:dirt":2,"minecraft:cobweb":21,"regions_unexplored:medium_grass":18,"minecraft:stone":22},"minecraft:dropped":{"minecraft:stone_axe":1,"minecraft:wheat_seeds":23,"minecraft:cooked_chicken":2,"minecraft:brown_banner":1,"minecraft:dirt":17,"minecraft:hay_block":1,"minecraft:shield":1,"minecraft:spruce_planks":2,"biomesoplenty:wildflower":4,"minecraft:iron_leggings":129,"minecraft:iron_bars":3,"minecraft:wooden_pickaxe":3,"minecraft:iron_pickaxe":1,"minecraft:white_wool":4,"minecraft:spruce_sapling":2},"minecraft:killed":{"minecraft:zombie_villager":3,"alexsmobs:seagull":1,"iceandfire:cockatrice":1,"minecraft:sheep":1,"minecraft:horse":3,"minecraft:zombie":2,"minecraft:cow":2},"minecraft:custom":{"minecraft:interact_with_furnace":15,"minecraft:mob_kills":13,"minecraft:interact_with_crafting_table":13,"minecraft:time_since_death":3205,"minecraft:sleep_in_bed":1,"minecraft:climb_one_cm":5268,"minecraft:time_since_rest":3227,"minecraft:sprint_one_cm":384659,"minecraft:damage_taken":5735,"minecraft:walk_one_cm":146657,"minecraft:damage_blocked_by_shield":875,"minecraft:drop":169,"minecraft:damage_dealt":3244,"minecraft:swim_one_cm":32814,"minecraft:fly_one_cm":310815,"minecraft:open_chest":13,"minecraft:crouch_one_cm":7025,"minecraft:play_time":125249,"minecraft:deaths":16,"minecraft:sneak_time":1785,"minecraft:walk_under_water_one_cm":16374,"minecraft:boat_one_cm":3607,"minecraft:jump":1328,"minecraft:walk_on_water_one_cm":12910,"minecraft:total_world_time":125249,"minecraft:fall_one_cm":33698},"minecraft:crafted":{"minecraft:crafting_table":2,"minecraft:spruce_planks":52,"minecraft:wooden_pickaxe":1,"minecraft:iron_sword":1,"minecraft:furnace":2,"minecraft:stone_axe":2,"minecraft:bread":80,"minecraft:air":0,"minecraft:oak_boat":4,"gamma_beasts:palm_tree_planks":32,"minecraft:shield":2,"minecraft:stick":28,"minecraft:wooden_axe":1,"minecraft:chest":1,"minecraft:dark_oak_planks":8},"minecraft:used":{"minecraft:oak_planks":3,"minecraft:chest":1,"minecraft:wooden_pickaxe":23,"minecraft:spruce_planks":2,"minecraft:shield":25,"minecraft:iron_sword":95,"minecraft:mutton":1,"minecraft:crafting_table":2,"minecraft:black_bed":1,"minecraft:wooden_axe":41,"minecraft:bread":24,"minecraft:stone_axe":53,"minecraft:golden_sword":9,"minecraft:furnace":2,"minecraft:oak_boat":4,"minecraft:experience_bottle":2,"minecraft:iron_leggings":4},"minecraft:picked_up":{"chococraft:loverly_gysahl_green":1,"minecraft:feather":2,"iceandfire:witherbone":2,"minecraft:leather":2,"minecraft:black_bed":1,"minecraft:wooden_pickaxe":2,"minecraft:enchanted_book":1,"minecraft:string":19,"minecraft:dirt":17,"minecraft:iron_leggings":65,"minecraft:bone":2,"minecraft:experience_bottle":2,"chococraft:gysahl_green":51,"chococraft:gold_gysahl":1,"minecraft:wheat_seeds":24,"minecraft:beef":2,"minecraft:spruce_planks":4,"minecraft:spruce_wood":6,"minecraft:iron_ingot":1,"minecraft:cooked_chicken":2,"minecraft:oak_boat":2,"biomesoplenty:wildflower":4,"minecraft:oak_planks":55,"minecraft:book":21,"sophisticatedbackpacks:backpack":1,"gamma_beasts:palm_tree_log":8,"minecraft:sand":3,"minecraft:spruce_sapling":4,"chococraft:gysahl_green_seeds":23,"minecraft:ink_sac":1,"minecraft:spruce_log":13,"minecraft:dark_oak_log":2,"regions_unexplored:barley":246,"minecraft:rotten_flesh":7,"minecraft:slime_ball":2,"minecraft:hay_block":1,"minecraft:gold_ingot":1,"minecraft:bread":4,"minecraft:brown_banner":1,"minecraft:mutton":2,"minecraft:iron_bars":3,"minecraft:white_wool":4,"minecraft:cobblestone":22}},"DataVersion":3465}