{"stats":{"minecraft:mined":{"minecraft:spruce_planks":4,"regions_unexplored:barley":363,"minecraft:dark_oak_log":1,"biomesoplenty:desert_grass":9,"biomesoplenty:bush":1,"minecraft:grass_block":5,"minecraft:polished_diorite":1,"minecraft:spruce_leaves":1,"minecraft:hay_block":1,"biomesoplenty:toadstool":1,"minecraft:azure_bluet":1,"chococraft:gysahl_green":25,"minecraft:bookshelf":7,"minecraft:iron_bars":1,"regions_unexplored:medium_grass":18,"minecraft:stone":22,"minecraft:dandelion":1,"minecraft:cornflower":1,"minecraft:tall_grass":11,"minecraft:oak_planks":58,"minecraft:spruce_log":12,"minecraft:black_bed":1,"gamma_beasts:palm_tree_log":8,"minecraft:grass":73,"minecraft:oak_log":25,"minecraft:sand":3,"minecraft:dirt":2,"minecraft:cobweb":21,"minecraft:oak_leaves":4,"minecraft:fern":1},"minecraft:dropped":{"minecraft:wheat_seeds":23,"minecraft:brown_banner":1,"minecraft:dirt":17,"minecraft:golden_carrot":4,"minecraft:iron_leggings":129,"minecraft:iron_pickaxe":1,"minecraft:fishing_rod":2,"minecraft:white_wool":4,"minecraft:spruce_sapling":2,"minecraft:polished_diorite":1,"minecraft:stone_axe":2,"minecraft:cooked_chicken":2,"better_fishing_rods:rare_enchantment_book":1,"minecraft:hay_block":1,"minecraft:shield":1,"minecraft:spruce_planks":2,"biomesoplenty:wildflower":4,"minecraft:iron_bars":3,"minecraft:wooden_pickaxe":3},"minecraft:killed":{"alexsmobs:seagull":1,"minecraft:horse":3,"minecraft:zombie_villager":3,"iceandfire:cockatrice":1,"minecraft:sheep":1,"enemyexpansion:meature":1,"minecraft:zombie":2,"minecraft:cow":6},"minecraft:custom":{"minecraft:mob_kills":18,"minecraft:interact_with_crafting_table":23,"minecraft:time_since_death":25494,"minecraft:climb_one_cm":5268,"minecraft:sprint_one_cm":562610,"minecraft:walk_one_cm":185616,"minecraft:damage_blocked_by_shield":875,"minecraft:drop":178,"minecraft:play_time":161249,"minecraft:deaths":18,"minecraft:sneak_time":1922,"minecraft:walk_under_water_one_cm":18130,"minecraft:boat_one_cm":3607,"minecraft:jump":1864,"minecraft:walk_on_water_one_cm":20057,"minecraft:total_world_time":161249,"minecraft:interact_with_furnace":20,"minecraft:sleep_in_bed":2,"minecraft:time_since_rest":441,"minecraft:waystone_activated":1,"minecraft:damage_taken":6453,"minecraft:damage_dealt":4006,"minecraft:swim_one_cm":56299,"minecraft:fly_one_cm":430579,"minecraft:open_chest":18,"minecraft:crouch_one_cm":7136,"minecraft:fish_caught":4,"minecraft:fall_one_cm":48171},"minecraft:crafted":{"minecraft:oak_planks":8,"minecraft:fishing_rod":2,"minecraft:furnace":2,"minecraft:iron_axe":1,"minecraft:chest":2,"minecraft:dark_oak_planks":8,"sophisticatedbackpacks:iron_backpack":2,"sophisticatedbackpacks:backpack":1,"minecraft:crafting_table":4,"minecraft:spruce_planks":60,"minecraft:wooden_pickaxe":1,"minecraft:iron_sword":1,"minecraft:stone_axe":2,"minecraft:bread":80,"minecraft:air":0,"minecraft:oak_boat":4,"gamma_beasts:palm_tree_planks":32,"minecraft:shield":2,"minecraft:stick":36,"minecraft:wooden_axe":1},"minecraft:used":{"sophisticatedbackpacks:iron_backpack":1,"minecraft:spruce_planks":2,"minecraft:chest":1,"minecraft:shield":25,"minecraft:iron_sword":104,"minecraft:iron_chestplate":1,"minecraft:mutton":1,"minecraft:wooden_axe":41,"minecraft:iron_axe":35,"minecraft:iron_helmet":1,"minecraft:iron_boots":1,"minecraft:golden_sword":27,"minecraft:furnace":2,"ars_nouveau:sourceberry_bush":1,"minecraft:iron_leggings":6,"minecraft:oak_planks":3,"minecraft:wooden_pickaxe":23,"minecraft:crafting_table":4,"minecraft:black_bed":1,"minecraft:bread":37,"minecraft:iron_pickaxe":2,"minecraft:stone_axe":53,"minecraft:fishing_rod":14,"chococraft:gysahl_green":3,"minecraft:oak_boat":4,"minecraft:experience_bottle":2},"minecraft:picked_up":{"minecraft:fishing_rod":1,"chococraft:loverly_gysahl_green":1,"minecraft:iron_chestplate":1,"minecraft:azure_bluet":1,"iceandfire:witherbone":2,"minecraft:wooden_pickaxe":2,"minecraft:enchanted_book":1,"minecraft:shield":1,"minecraft:cornflower":1,"minecraft:string":19,"minecraft:moss_carpet":5,"better_fishing_rods:lucky_pad_fragment":2,"minecraft:iron_leggings":65,"minecraft:pufferfish":1,"minecraft:experience_bottle":2,"aquaculture:bluegill":1,"minecraft:spruce_planks":16,"minecraft:beef":7,"minecraft:oak_boat":2,"biomesoplenty:wildflower":4,"minecraft:iron_boots":1,"minecraft:stick":3,"sophisticatedbackpacks:backpack":2,"regions_unexplored:barley":246,"minecraft:rotten_flesh":11,"aquaculture:algae":1,"minecraft:hay_block":1,"minecraft:gold_ingot":1,"minecraft:mutton":2,"minecraft:cod":1,"minecraft:iron_bars":3,"minecraft:cobblestone":22,"minecraft:white_wool":4,"minecraft:feather":2,"minecraft:golden_carrot":4,"minecraft:black_bed":1,"minecraft:leather":6,"minecraft:oak_log":24,"minecraft:dirt":17,"better_fishing_rods:common_enchantment_book":2,"minecraft:bone":2,"chococraft:gysahl_green":54,"chococraft:gold_gysahl":1,"minecraft:wheat_seeds":26,"minecraft:spruce_wood":6,"minecraft:iron_ingot":38,"minecraft:cooked_chicken":2,"minecraft:oak_planks":55,"minecraft:book":21,"biomesoplenty:toadstool":1,"aquaculture:smallmouth_bass":1,"minecraft:dandelion":1,"gamma_beasts:palm_tree_log":8,"minecraft:sand":3,"chococraft:gysahl_green_seeds":24,"minecraft:spruce_sapling":4,"minecraft:ink_sac":1,"minecraft:spruce_log":15,"minecraft:dark_oak_log":2,"minecraft:slime_ball":2,"better_fishing_rods:rare_enchantment_book":1,"minecraft:polished_diorite":1,"waystones:waystone":1,"minecraft:iron_helmet":1,"minecraft:bread":5,"minecraft:oak_sapling":3,"minecraft:brown_banner":1}},"DataVersion":3465}