{"stats":{"minecraft:killed":{"minecraft:spider":1,"enemyexpansion:vampflyer":1,"minecraft:zombie_villager":3,"iceandfire:cockatrice":1,"minecraft:sheep":22,"minecraft:trader_llama":2,"minecraft:pillager":1,"enemyexpansion:meature":1,"minecraft:zombie":3,"enemyexpansion:vampire":1,"born_in_chaos_v1:corpse_fly":7,"minecraft:cow":11,"chococraft:chocobo":1,"minecraft:vindicator":1,"alexsmobs:seagull":1,"born_in_chaos_v1:zombie_bruiser":1,"born_in_chaos_v1:maggot":6,"minecraft:phantom":2,"minecraft:horse":3,"born_in_chaos_v1:corpse_fish":1,"enemyexpansion:goblin":1,"born_in_chaos_v1:baby_skeleton":1,"born_in_chaos_v1:swarmer":1,"enemyexpansion:sprinter":1},"minecraft:crafted":{"minecraft:oak_planks":28,"aquaculture:fish_fillet_raw":69,"minecraft:chest":4,"sophisticatedbackpacks:backpack":1,"minecraft:crafting_table":8,"minecraft:spruce_planks":60,"farmersdelight:flint_knife":1,"minecraft:wooden_pickaxe":1,"better_fishing_rods:lucky_fishing_rod":1,"minecraft:charcoal":6,"minecraft:shield":2,"minecraft:stick":76,"minecraft:light_gray_dye":1,"onlyhammers:stone_hammer":6,"minecraft:stone_shovel":1,"minecraft:fishing_rod":3,"minecraft:furnace":2,"regions_unexplored:mauve_planks":12,"minecraft:iron_axe":1,"minecraft:dark_oak_planks":8,"sophisticatedbackpacks:iron_backpack":2,"minecraft:iron_sword":1,"minecraft:stone_axe":2,"minecraft:bread":80,"minecraft:air":0,"minecraft:oak_boat":4,"gamma_beasts:palm_tree_planks":32,"minecraft:wooden_axe":1,"minecraft:white_bed":3,"minecraft:acacia_planks":32,"minecraft:torch":16},"minecraft:mined":{"minecraft:spruce_planks":4,"minecraft:white_bed":1,"minecraft:granite":39,"minecraft:acacia_log":4,"minecraft:grass_block":20,"minecraft:polished_diorite":1,"epicsamurai:deepslate_jade_ore":5,"minecraft:fire":4,"minecraft:iron_ore":40,"minecraft:cobbled_deepslate":100,"minecraft:azure_bluet":1,"chococraft:gysahl_green":25,"minecraft:iron_bars":1,"minecraft:cut_sandstone":2,"minecraft:torch":2,"iceandfire:ghost_chest":3,"regions_unexplored:meadow_sage":1,"minecraft:oak_planks":58,"minecraft:wall_torch":8,"regions_unexplored:hyssop":2,"regions_unexplored:sandy_tall_grass":1,"epicsamurai:aquamarine_ore":4,"regions_unexplored:mauve_leaves":1,"minecraft:black_bed":1,"gamma_beasts:palm_tree_log":8,"minecraft:wither_rose":1,"regions_unexplored:steppe_grass":1,"minecraft:grass":116,"minecraft:oak_log":28,"minecraft:sand":20,"minecraft:dirt":47,"minecraft:oak_leaves":5,"minecraft:deepslate":673,"regions_unexplored:fireweed":4,"minecraft:tuff":5,"minecraft:deepslate_diamond_ore":5,"regions_unexplored:barley":363,"minecraft:dark_oak_log":1,"biomesoplenty:desert_grass":16,"minecraft:dark_oak_fence":2,"biomesoplenty:bush":1,"minecraft:spruce_leaves":1,"biomesoplenty:dune_grass":1,"minecraft:large_fern":1,"minecraft:hay_block":1,"minecraft:redstone_ore":7,"biomesoplenty:toadstool":1,"minecraft:bookshelf":7,"minecraft:deepslate_iron_ore":10,"minecraft:vine":1,"regions_unexplored:medium_grass":26,"minecraft:stone":1997,"epicsamurai:jade_ore":2,"minecraft:acacia_leaves":3,"minecraft:dandelion":1,"minecraft:smooth_sandstone":6,"minecraft:crafting_table":2,"minecraft:cornflower":1,"minecraft:rose_bush":1,"minecraft:copper_ore":33,"minecraft:tall_grass":21,"regions_unexplored:mauve_log":2,"regions_unexplored:daisy":3,"minecraft:spruce_log":12,"regions_unexplored:sandy_grass":3,"minecraft:coal_ore":16,"minecraft:gravel":25,"minecraft:cobweb":21,"minecraft:cracked_stone_bricks":1,"minecraft:stone_bricks":1,"minecraft:fern":1},"minecraft:custom":{"minecraft:interact_with_crafting_table":41,"minecraft:leave_game":1,"minecraft:time_since_death":30409,"minecraft:sprint_one_cm":1148857,"minecraft:damage_blocked_by_shield":875,"minecraft:drop":277,"minecraft:talked_to_villager":3,"minecraft:play_time":323065,"minecraft:deaths":23,"minecraft:jump":3523,"minecraft:walk_on_water_one_cm":62681,"minecraft:interact_with_furnace":21,"minecraft:sleep_in_bed":5,"minecraft:waystone_activated":6,"minecraft:damage_dealt":13547,"minecraft:crouch_one_cm":13050,"minecraft:interact_with_smithing_table":2,"minecraft:mob_kills":75,"minecraft:damage_dealt_resisted":48,"minecraft:climb_one_cm":6684,"minecraft:walk_one_cm":299673,"minecraft:sneak_time":10412,"minecraft:walk_under_water_one_cm":23864,"minecraft:boat_one_cm":3607,"minecraft:total_world_time":323065,"minecraft:time_since_rest":29525,"minecraft:damage_taken":10645,"minecraft:swim_one_cm":69784,"minecraft:fly_one_cm":748841,"minecraft:open_chest":35,"minecraft:fish_caught":49,"minecraft:fall_one_cm":86089},"minecraft:broken":{"onlyhammers:stone_hammer":2,"minecraft:iron_axe":1,"minecraft:iron_helmet":1},"minecraft:dropped":{"minecraft:glow_ink_sac":2,"onlyhammers:stone_hammer":4,"minecraft:cookie":9,"aquaculture:minnow":12,"minecraft:cracked_stone_bricks":1,"born_in_chaos_v1:pieceofdarkmetal":1,"aquaculture:driftwood":1,"minecraft:brown_banner":1,"iceandfire:graveyard_soil":3,"minecraft:dirt":19,"minecraft:dark_oak_fence":2,"minecraft:cornflower":1,"minecraft:cut_sandstone":2,"epicsamurai:jade":1,"minecraft:bone_meal":1,"minecraft:iron_pickaxe":1,"minecraft:fishing_rod":2,"minecraft:white_wool":4,"biomesoplenty:toadstool":1,"minecraft:stone_axe":2,"minecraft:cooked_chicken":2,"minecraft:wheat":2,"minecraft:rotten_flesh":4,"minecraft:azure_bluet":1,"minecraft:carrot":3,"aquaculture:algae":1,"aquaculture:bluegill":8,"born_in_chaos_v1:corpse_maggot":10,"biomesoplenty:wildflower":4,"minecraft:leather_boots":1,"minecraft:iron_bars":3,"minecraft:arrow":1,"minecraft:water_bucket":1,"minecraft:bread":26,"regions_unexplored:fireweed":4,"minecraft:wheat_seeds":44,"gamma_beasts:coal_nugget":4,"minecraft:iron_helmet":1,"minecraft:cobblestone":71,"minecraft:tropical_fish":1,"regions_unexplored:daisy":4,"minecraft:golden_carrot":4,"minecraft:torch":3,"chococraft:chocobo_drumstick_raw":1,"skilltree:gem":13,"minecraft:jungle_door":1,"minecraft:iron_leggings":142,"minecraft:smooth_sandstone":4,"minecraft:acacia_planks":1,"minecraft:spruce_sapling":2,"minecraft:dandelion":2,"minecraft:polished_diorite":1,"minecraft:moss_carpet":5,"minecraft:tuff":5,"minecraft:raw_iron":39,"regions_unexplored:hyssop":7,"better_fishing_rods:rare_enchantment_book":1,"minecraft:hay_block":1,"minecraft:shield":1,"minecraft:spruce_planks":2,"minecraft:oak_sapling":6,"minecraft:stone_bricks":1,"minecraft:wooden_pickaxe":3,"chococraft:gysahl_green":51,"minecraft:black_wool":1},"minecraft:picked_up":{"chococraft:loverly_gysahl_green":1,"minecraft:iron_chestplate":1,"minecraft:wheat":2,"minecraft:chainmail_boots":1,"iceandfire:copper_sword":1,"aquaculture:catfish":1,"minecraft:lead":2,"minecraft:wither_rose":1,"minecraft:enchanted_book":1,"minecraft:string":19,"aquaculture:muskellunge":1,"minecraft:raw_copper":95,"minecraft:iron_leggings":66,"minecraft:pufferfish":3,"minecraft:experience_bottle":2,"minecraft:cobbled_deepslate":587,"minecraft:spruce_planks":16,"minecraft:iron_boots":1,"minecraft:stick":4,"iceandfire:ghost_chest":3,"minecraft:jungle_door":1,"minecraft:torch":12,"minecraft:acacia_log":8,"regions_unexplored:daisy":5,"regions_unexplored:barley":246,"minecraft:rotten_flesh":30,"minecraft:tropical_fish":1,"aquaculture:algae":1,"regions_unexplored:mauve_log":3,"gamma_beasts:coal_nugget":5,"chococraft:chocobo_drumstick_raw":1,"minecraft:iron_bars":3,"minecraft:cod":9,"minecraft:cobblestone":1570,"minecraft:feather":2,"minecraft:water_bucket":1,"minecraft:black_bed":1,"minecraft:flint":2,"minecraft:tuff":5,"skilltree:gem":20,"better_fishing_rods:epic_enchantment_book":2,"minecraft:dirt":97,"minecraft:leather_boots":1,"better_fishing_rods:common_enchantment_book":7,"minecraft:bone":13,"minecraft:acacia_planks":1,"minecraft:wheat_seeds":46,"minecraft:oak_planks":55,"biomesoplenty:toadstool":1,"aquaculture:gar":1,"gamma_beasts:palm_tree_log":8,"minecraft:sand":20,"minecraft:ink_sac":1,"minecraft:dark_oak_log":2,"regions_unexplored:hyssop":7,"minecraft:diamond":5,"waystones:waystone":6,"minecraft:granite":39,"minecraft:bone_meal":1,"minecraft:bread":30,"minecraft:emerald":1,"minecraft:oak_sapling":6,"minecraft:dark_oak_fence":2,"minecraft:fishing_rod":1,"minecraft:crafting_table":2,"minecraft:azure_bluet":1,"iceandfire:witherbone":2,"minecraft:wooden_pickaxe":2,"minecraft:shield":1,"minecraft:cornflower":1,"minecraft:moss_carpet":5,"better_fishing_rods:lucky_pad_fragment":8,"epicsamurai:jade":7,"iceandfire:graveyard_soil":3,"minecraft:cracked_stone_bricks":1,"aquaculture:bluegill":8,"minecraft:beef":15,"minecraft:oak_boat":2,"onlyhammers:stone_hammer":2,"biomesoplenty:wildflower":4,"minecraft:raw_iron":46,"aquaculture:driftwood":1,"sophisticatedbackpacks:backpack":2,"aquaculture:perch":6,"minecraft:cookie":10,"minecraft:redstone":22,"born_in_chaos_v1:pieceofdarkmetal":1,"minecraft:carrot":3,"iceandfire:silver_ingot":3,"minecraft:arrow":1,"regions_unexplored:mauve_sapling":1,"aquaculture:brown_trout":4,"minecraft:hay_block":1,"aquaculture:carp":1,"minecraft:gold_ingot":1,"minecraft:mutton":25,"minecraft:white_wool":24,"born_in_chaos_v1:corpse_maggot":10,"minecraft:golden_carrot":4,"minecraft:glow_ink_sac":2,"minecraft:tripwire_hook":1,"minecraft:salmon":8,"minecraft:leather":9,"minecraft:cut_sandstone":2,"minecraft:oak_log":29,"minecraft:gunpowder":2,"chococraft:chocobo_feather":2,"minecraft:smooth_sandstone":6,"chococraft:gysahl_green":54,"minecraft:apple":1,"minecraft:stone_bricks":1,"chococraft:gold_gysahl":1,"minecraft:spruce_wood":6,"minecraft:iron_ingot":57,"minecraft:cooked_chicken":2,"aquaculture:minnow":12,"epicsamurai:aquamarine":4,"minecraft:book":21,"aquaculture:smallmouth_bass":2,"minecraft:dandelion":2,"minecraft:gravel":23,"chococraft:gysahl_green_seeds":24,"minecraft:spruce_sapling":4,"minecraft:white_bed":1,"minecraft:spruce_log":15,"better_fishing_rods:lucky_pad":1,"minecraft:slime_ball":4,"regions_unexplored:fireweed":4,"better_fishing_rods:rare_enchantment_book":4,"minecraft:polished_diorite":1,"minecraft:iron_helmet":1,"minecraft:brown_banner":1,"minecraft:black_wool":1,"minecraft:coal":16},"minecraft:used":{"minecraft:chest":3,"minecraft:shield":25,"minecraft:iron_sword":246,"minecraft:iron_chestplate":1,"better_fishing_rods:lucky_fishing_rod":8,"minecraft:mutton":1,"regions_unexplored:mauve_sapling":1,"minecraft:iron_helmet":1,"iceandfire:ghost_chest":2,"minecraft:golden_sword":27,"minecraft:furnace":2,"ars_nouveau:sourceberry_bush":1,"minecraft:oak_planks":3,"minecraft:wooden_pickaxe":23,"minecraft:cookie":1,"minecraft:black_bed":1,"onlyhammers:stone_hammer":3064,"waystones:waystone":5,"minecraft:bread":91,"minecraft:gravel":8,"chococraft:gysahl_green":3,"minecraft:oak_boat":4,"minecraft:experience_bottle":2,"sophisticatedbackpacks:iron_backpack":3,"minecraft:stone_shovel":92,"minecraft:spruce_planks":2,"minecraft:torch":25,"minecraft:wooden_axe":41,"minecraft:iron_axe":145,"minecraft:smooth_sandstone":2,"minecraft:iron_boots":1,"minecraft:cobbled_deepslate":347,"minecraft:golden_axe":6,"minecraft:iron_leggings":7,"minecraft:water_bucket":5,"minecraft:crafting_table":10,"minecraft:white_bed":4,"minecraft:iron_pickaxe":199,"minecraft:stone_axe":53,"minecraft:fishing_rod":79,"minecraft:cobblestone":39,"minecraft:bucket":4}},"DataVersion":3465}