{"stats":{"minecraft:custom":{"lootr:looted_stat":16,"minecraft:interact_with_crafting_table":135,"minecraft:leave_game":7,"minecraft:time_since_death":40875,"minecraft:sprint_one_cm":2554404,"minecraft:damage_blocked_by_shield":875,"minecraft:drop":819,"minecraft:talked_to_villager":234,"minecraft:play_time":763665,"minecraft:deaths":61,"minecraft:jump":7605,"minecraft:walk_on_water_one_cm":142098,"minecraft:interact_with_furnace":53,"minecraft:traded_with_villager":61,"minecraft:sleep_in_bed":25,"minecraft:waystone_activated":10,"minecraft:damage_dealt":39826,"minecraft:crouch_one_cm":32631,"tombstone:undead_killed":36,"minecraft:interact_with_smoker":3,"minecraft:interact_with_smithing_table":2,"minecraft:mob_kills":181,"minecraft:damage_dealt_resisted":888,"minecraft:climb_one_cm":7963,"minecraft:walk_one_cm":934936,"minecraft:sneak_time":41857,"minecraft:walk_under_water_one_cm":62893,"minecraft:boat_one_cm":8158,"minecraft:interact_with_blast_furnace":15,"minecraft:total_world_time":763665,"tombstone:raider_killed":3,"minecraft:interact_with_grindstone":5,"minecraft:interact_with_stonecutter":2,"minecraft:time_since_rest":40719,"minecraft:damage_taken":25012,"tombstone:cast_on_ally":0,"minecraft:swim_one_cm":162907,"minecraft:fly_one_cm":1671290,"minecraft:open_chest":266,"minecraft:fish_caught":49,"minecraft:fall_one_cm":204161},"minecraft:picked_up":{"minecraft:iron_chestplate":7,"chococraft:loverly_gysahl_green":6,"minecraft:wheat":39,"minecraft:chainmail_boots":4,"iceandfire:copper_sword":1,"aquaculture:catfish":1,"minecraft:smithing_table":1,"minecraft:lead":2,"minecraft:diamond_sword":1,"alexscaves:cave_tablet":8,"minecraft:wither_rose":1,"minecraft:enchanted_book":38,"minecraft:stone_brick_stairs":1,"tombstone:grave_key":1,"minecraft:amethyst_block":19,"minecraft:string":36,"aquaculture:muskellunge":1,"minecraft:raw_copper":138,"gemsnjewels:sapphire":1,"minecraft:iron_leggings":165,"minecraft:pufferfish":3,"minecraft:experience_bottle":2,"minecraft:diamond_leggings":1,"alexsmobs:emu_feather":3,"minecraft:gold_nugget":284,"minecraft:cobbled_deepslate":4355,"comforts:sleeping_bag_white":8,"minecraft:spruce_planks":18,"artifacts:aqua_dashers":1,"minecraft:rose_bush":4,"minecraft:calcite":7,"ars_nouveau:mendosteen_pod":3,"minecraft:iron_pickaxe":31,"born_in_chaos_v1:shattered_skull":1,"regions_unexplored:redwood_log":10,"minecraft:iron_boots":9,"minecraft:stick":156,"iceandfire:ghost_chest":3,"minecraft:jungle_door":1,"minecraft:acacia_fence":1,"minecraft:torch":44,"minecraft:acacia_log":8,"gemsnjewels:dusk_emerald":2,"minecraft:porkchop":4,"iceandfire:crackled_gravel":1,"tombstone:grave_dust":2,"born_in_chaos_v1:nightmare_claw":1,"regions_unexplored:daisy":6,"regions_unexplored:barley":246,"minecraft:rotten_flesh":61,"aquaculture:algae":1,"minecraft:tropical_fish":1,"artifacts:villager_hat":1,"regions_unexplored:mauve_log":3,"biomesoplenty:mahogany_sapling":12,"gamma_beasts:coal_nugget":12,"reliquary:mob_charm_fragment":1,"chococraft:chocobo_drumstick_raw":1,"rpgsmw:edmantium":2,"minecraft:obsidian":27,"minecraft:iron_bars":3,"minecraft:cod":9,"minecraft:cobblestone":1760,"minecraft:magma_block":1,"minecraft:feather":4,"minecraft:water_bucket":1,"minecraft:black_bed":1,"gamma_beasts:prehnite":3,"minecraft:potato":4,"minecraft:flint":3,"minecraft:tuff":165,"onlyhammers:obsidian_hammer":35,"minecraft:magenta_bed":1,"skilltree:gem":51,"minecraft:dirt":99,"minecraft:lapis_lazuli":68,"better_fishing_rods:epic_enchantment_book":2,"minecraft:name_tag":1,"minecraft:leather_boots":1,"better_fishing_rods:common_enchantment_book":7,"minecraft:bone":31,"minecraft:acacia_planks":1,"minecraft:stonecutter":2,"minecraft:bow":1,"minecraft:wheat_seeds":256,"minecraft:raw_gold":76,"minecraft:grindstone":4,"minecraft:diamond_helmet":1,"epicsamurai:raw_silver":18,"minecraft:oak_planks":78,"biomesoplenty:toadstool":1,"minecraft:ghast_tear":1,"aquaculture:gar":1,"minecraft:sand":20,"gamma_beasts:palm_tree_log":8,"minecraft:dark_oak_log":2,"sophisticatedbackpacks:iron_backpack":2,"minecraft:ink_sac":1,"iceandfire:lightning_dragon_heart":2,"minecraft:mossy_cobblestone":15,"sons_of_sins:flesh_of_demise":1,"minecraft:light_gray_concrete":8,"alexsmobs:kangaroo_hide":1,"regions_unexplored:hyssop":21,"minecraft:diamond":35,"waystones:waystone":9,"minecraft:granite":39,"minecraft:bone_meal":1,"minecraft:bread":30,"minecraft:emerald":44,"born_in_chaos_v1:diamond_termite_shard":2,"minecraft:oak_sapling":189,"minecraft:netherrack":591,"minecraft:dark_oak_fence":2,"minecraft:fishing_rod":1,"minecraft:crafting_table":7,"minecraft:azure_bluet":1,"born_in_chaos_v1:seedof_chaos":1,"iceandfire:witherbone":2,"minecraft:golden_pickaxe":1,"biomesoplenty:flesh":1,"minecraft:wooden_pickaxe":2,"ars_nouveau:blue_archwood_sapling":42,"minecraft:gold_block":2,"minecraft:shield":2,"minecraft:cornflower":1,"minecraft:moss_carpet":20,"better_fishing_rods:lucky_pad_fragment":8,"minecraft:acacia_door":1,"epicsamurai:jade":7,"iceandfire:graveyard_soil":3,"minecraft:cracked_stone_bricks":1,"aquaculture:bluegill":8,"minecraft:beef":23,"minecraft:oak_boat":3,"alexsmobs:elastic_tendon":2,"born_in_chaos_v1:gnawed_bones":1,"onlyhammers:stone_hammer":2,"minecraft:lectern":2,"biomesoplenty:wildflower":8,"minecraft:chest":1,"minecraft:raw_copper_block":9,"minecraft:raw_iron":110,"iceandfire:dragonbone":4,"ars_nouveau:purple_archwood_log":67,"minecraft:stone":1,"aquaculture:driftwood":1,"sophisticatedbackpacks:backpack":3,"ars_nouveau:blue_archwood_log":294,"aquaculture:perch":6,"ars_nouveau:purple_archwood_sapling":8,"farmersdelight:tomato_seeds":6,"ars_nouveau:frostaya_pod":6,"minecraft:cookie":20,"born_in_chaos_v1:pieceofdarkmetal":3,"minecraft:carrot":3,"minecraft:redstone":155,"ars_nouveau:green_archwood_log":1,"minecraft:arrow":16,"iceandfire:silver_ingot":3,"minecraft:diamond_chestplate":1,"regions_unexplored:mauve_sapling":1,"minecraft:peony":1,"aquaculture:brown_trout":4,"minecraft:diamond_boots":1,"alexscaves:spelunkery_table":1,"minecraft:hay_block":16,"aquaculture:carp":1,"enemyexpansion:troll_molar":1,"minecraft:gold_ingot":7,"minecraft:mutton":29,"alexsmobs:kangaroo_meat":2,"minecraft:white_wool":27,"minecraft:rail":2,"born_in_chaos_v1:corpse_maggot":66,"minecraft:glow_ink_sac":2,"born_in_chaos_v1:monster_flesh":2,"minecraft:golden_carrot":4,"minecraft:tripwire_hook":1,"minecraft:salmon":8,"minecraft:leather":20,"minecraft:cut_sandstone":2,"minecraft:oak_log":215,"gamma_beasts:green_apple":3,"artifacts:superstitious_hat":1,"minecraft:gunpowder":3,"minecraft:yellow_bed":1,"artifacts:cloud_in_a_bottle":1,"regions_unexplored:small_oak_sapling":2,"chococraft:chocobo_feather":2,"minecraft:smooth_sandstone":6,"ars_nouveau:green_archwood_sapling":2,"chococraft:gysahl_green":179,"minecraft:apple":31,"minecraft:stone_bricks":1,"chococraft:gold_gysahl":7,"artifacts:kitty_slippers":1,"minecraft:iron_ingot":72,"minecraft:spruce_wood":6,"regions_unexplored:redwood_sapling":3,"minecraft:cooked_chicken":2,"aquaculture:minnow":12,"epicsamurai:aquamarine":16,"minecraft:iron_sword":30,"minecraft:book":88,"epicsamurai:onyx":4,"aquaculture:smallmouth_bass":2,"iceandfire:copper_nugget":20,"minecraft:stone_brick_slab":4,"minecraft:quartz":17,"born_in_chaos_v1:ethereal_spirit":8,"minecraft:dandelion":2,"minecraft:raw_iron_block":8,"minecraft:gravel":28,"born_in_chaos_v1:dark_rod":1,"minecraft:spruce_sapling":4,"chococraft:gysahl_green_seeds":68,"minecraft:blast_furnace":5,"minecraft:white_bed":5,"minecraft:spruce_log":21,"minecraft:crying_obsidian":1,"minecraft:mossy_stone_brick_slab":1,"minecraft:spider_eye":5,"better_fishing_rods:lucky_pad":1,"biomesoplenty:mahogany_log":98,"minecraft:slime_ball":10,"regions_unexplored:fireweed":18,"minecraft:polished_diorite":1,"better_fishing_rods:rare_enchantment_book":4,"minecraft:stone_axe":1,"minecraft:iron_helmet":8,"minecraft:diamond_axe":1,"tombstone:magic_scroll":1,"minecraft:brown_banner":1,"minecraft:black_wool":1,"minecraft:coal":63},"minecraft:crafted":{"minecraft:light_gray_concrete_powder":8,"minecraft:grindstone":2,"minecraft:oak_planks":404,"ars_nouveau:archwood_planks":1106,"minecraft:stone":9,"minecraft:bookshelf":2,"spartanweaponry:bolt":48,"aquaculture:fish_fillet_raw":69,"minecraft:quartz_block":2,"minecraft:iron_boots":1,"minecraft:chest":27,"minecraft:chiseled_quartz_block":2,"minecraft:emerald":55,"sophisticatedbackpacks:backpack":2,"minecraft:diamond_axe":1,"minecraft:crafting_table":15,"minecraft:spruce_planks":72,"farmersdelight:flint_knife":1,"minecraft:wooden_pickaxe":2,"minecraft:iron_helmet":1,"better_fishing_rods:lucky_fishing_rod":1,"spartanweaponry:iron_longbow":2,"onlyhammers:obsidian_hammer":2,"minecraft:lectern":2,"minecraft:iron_chestplate":1,"minecraft:diamond_pickaxe":1,"minecraft:charcoal":6,"minecraft:shield":2,"minecraft:stone_slab":6,"minecraft:stick":1964,"minecraft:iron_pickaxe":1,"minecraft:iron_ingot":27,"minecraft:gold_ingot":29,"minecraft:light_gray_dye":1,"onlyhammers:stone_hammer":9,"minecraft:stone_shovel":2,"minecraft:fishing_rod":3,"minecraft:iron_nugget":7,"biomesoplenty:mahogany_planks":84,"comforts:sleeping_bag_white":1,"minecraft:furnace":5,"ars_nouveau:archwood_slab":12,"minecraft:flint_and_steel":1,"minecraft:diamond_block":2,"regions_unexplored:mauve_planks":12,"minecraft:iron_axe":1,"tinymobfarm:lasso":1,"minecraft:dark_oak_planks":8,"sophisticatedbackpacks:iron_backpack":3,"editenchanting:enchantment_edit_table":1,"minecraft:iron_sword":2,"minecraft:stone_axe":4,"minecraft:enchanted_book":1,"minecraft:bread":95,"minecraft:air":0,"minecraft:oak_boat":4,"gamma_beasts:palm_tree_planks":32,"minecraft:wooden_axe":4,"minecraft:stonecutter":1,"minecraft:white_bed":3,"minecraft:acacia_planks":32,"minecraft:torch":108,"minecraft:lapis_block":2},"minecraft:dropped":{"sophisticatedbackpacks:iron_backpack":2,"minecraft:iron_sword":17,"minecraft:diamond_axe":1,"minecraft:oak_log":5,"minecraft:glow_ink_sac":2,"rpgsmw:miphril_axe":1,"minecraft:diamond":1,"onlyhammers:stone_hammer":7,"minecraft:crossbow":1,"minecraft:cookie":9,"minecraft:leather":5,"aquaculture:minnow":12,"minecraft:cracked_stone_bricks":1,"born_in_chaos_v1:pieceofdarkmetal":1,"aquaculture:driftwood":1,"minecraft:brown_banner":1,"iceandfire:graveyard_soil":3,"minecraft:emerald":95,"minecraft:dirt":19,"artifacts:superstitious_hat":1,"minecraft:dark_oak_fence":2,"minecraft:cornflower":1,"tombstone:scroll_of_true_sight":1,"minecraft:cut_sandstone":2,"epicsamurai:jade":1,"minecraft:bone_meal":1,"minecraft:iron_pickaxe":17,"minecraft:fishing_rod":2,"minecraft:white_wool":4,"minecraft:gold_ingot":6,"minecraft:gravel":1,"ars_nouveau:blue_archwood_log":44,"biomesoplenty:toadstool":1,"minecraft:stone_axe":3,"minecraft:cooked_chicken":2,"minecraft:cobbled_deepslate":3346,"minecraft:wheat":2,"minecraft:rotten_flesh":5,"minecraft:grindstone":1,"artifacts:villager_hat":1,"minecraft:oak_planks":16,"minecraft:mossy_stone_brick_slab":1,"spartanweaponry:iron_longbow":1,"minecraft:azure_bluet":1,"minecraft:white_bed":1,"iceandfire:crackled_gravel":1,"minecraft:carrot":6,"biomesoplenty:wildflower":8,"aquaculture:algae":1,"minecraft:chainmail_boots":2,"iceandfire:ghost_chest":1,"born_in_chaos_v1:corpse_maggot":11,"minecraft:leather_boots":1,"aquaculture:bluegill":8,"comforts:sleeping_bag_white":1,"minecraft:iron_bars":3,"minecraft:arrow":3,"biomesoplenty:flesh":1,"minecraft:stone_brick_stairs":1,"minecraft:netherrack":456,"farmersdelight:tomato_seeds":6,"minecraft:enchanted_book":40,"minecraft:water_bucket":1,"minecraft:iron_ingot":2,"minecraft:bread":27,"minecraft:wheat_seeds":113,"regions_unexplored:fireweed":12,"gamma_beasts:coal_nugget":8,"minecraft:diamond_leggings":1,"minecraft:book":78,"minecraft:cobblestone":329,"minecraft:iron_helmet":19,"minecraft:apple":22,"chococraft:gysahl_green_seeds":9,"ars_nouveau:purple_archwood_log":1,"minecraft:tropical_fish":1,"regions_unexplored:daisy":5,"minecraft:stick":38,"onlyhammers:obsidian_hammer":55,"minecraft:golden_carrot":4,"minecraft:torch":3,"minecraft:wooden_axe":2,"chococraft:chocobo_drumstick_raw":1,"minecraft:rose_bush":2,"skilltree:gem":16,"minecraft:jungle_door":1,"minecraft:diamond_helmet":1,"minecraft:iron_leggings":287,"minecraft:wither_rose":1,"minecraft:string":2,"minecraft:smooth_sandstone":4,"minecraft:spruce_sapling":2,"minecraft:acacia_planks":2,"ars_nouveau:caster_tome":1,"minecraft:stone_brick_slab":4,"minecraft:dandelion":2,"minecraft:polished_diorite":1,"minecraft:moss_carpet":20,"artifacts:kitty_slippers":1,"iceandfire:lightning_dragon_heart":1,"artifacts:aqua_dashers":1,"minecraft:tuff":96,"minecraft:raw_iron":39,"minecraft:iron_boots":12,"spartanweaponry:bolt":24,"regions_unexplored:hyssop":21,"regions_unexplored:small_oak_sapling":1,"better_fishing_rods:rare_enchantment_book":1,"minecraft:diamond_sword":1,"minecraft:hay_block":1,"minecraft:shield":1,"minecraft:diamond_chestplate":1,"minecraft:peony":1,"minecraft:spruce_planks":2,"minecraft:diamond_pickaxe":1,"minecraft:iron_chestplate":15,"minecraft:oak_sapling":84,"minecraft:stone_bricks":1,"minecraft:spruce_log":1,"minecraft:diamond_boots":1,"minecraft:wooden_pickaxe":4,"minecraft:magma_block":1,"chococraft:gysahl_green":51,"minecraft:black_wool":1},"minecraft:broken":{"minecraft:iron_chestplate":1,"onlyhammers:stone_hammer":3,"minecraft:iron_axe":1,"minecraft:iron_helmet":1},"minecraft:killed_by":{"enemyexpansion:slugger":1,"born_in_chaos_v1:scarlet_persecutor":1,"minecraft:player":6,"minecraft:spider":1,"minecraft:iron_golem":23},"minecraft:used":{"minecraft:chest":26,"minecraft:shield":25,"minecraft:iron_sword":372,"minecraft:rotten_flesh":5,"minecraft:iron_chestplate":2,"better_fishing_rods:lucky_fishing_rod":8,"minecraft:mutton":5,"minecraft:carrot":3,"regions_unexplored:mauve_sapling":1,"minecraft:tuff":7,"minecraft:obsidian":11,"iceandfire:ghost_chest":2,"minecraft:iron_helmet":4,"minecraft:golden_sword":27,"minecraft:oak_sapling":1,"minecraft:furnace":5,"ars_nouveau:sourceberry_bush":3,"minecraft:potato":13,"ars_nouveau:blue_archwood_sapling":42,"minecraft:oak_planks":4,"minecraft:wooden_pickaxe":35,"minecraft:diamond_axe":1279,"minecraft:cookie":11,"alexscaves:cave_book":1,"minecraft:blast_furnace":4,"rpgsmw:miphril_axe":84,"minecraft:black_bed":1,"onlyhammers:stone_hammer":5153,"waystones:waystone":9,"ars_nouveau:purple_archwood_sapling":8,"born_in_chaos_v1:monster_flesh":2,"editenchanting:enchantment_edit_table":1,"minecraft:acacia_door":1,"minecraft:bread":129,"minecraft:string":1,"minecraft:lectern":4,"minecraft:gravel":8,"minecraft:diamond_sword":2,"sons_of_sins:flesh_of_demise":1,"minecraft:grindstone":3,"minecraft:oak_boat":5,"chococraft:gysahl_green":78,"minecraft:experience_bottle":2,"minecraft:golden_pickaxe":12,"tombstone:scroll_of_lightning_resistance":1,"sophisticatedbackpacks:iron_backpack":4,"minecraft:flint_and_steel":1,"onlyhammers:obsidian_hammer":4589,"minecraft:stone_shovel":97,"minecraft:spruce_planks":7,"gamma_beasts:green_apple":3,"minecraft:netherrack":7,"minecraft:torch":111,"spartanweaponry:iron_longbow":1,"minecraft:wooden_axe":118,"minecraft:iron_axe":145,"minecraft:smooth_sandstone":2,"minecraft:iron_boots":1,"minecraft:beef":8,"tombstone:gift":4,"comforts:sleeping_bag_white":7,"minecraft:cobbled_deepslate":648,"minecraft:iron_leggings":21,"minecraft:golden_axe":11,"minecraft:wheat_seeds":14,"minecraft:water_bucket":6,"minecraft:stonecutter":2,"farmersdelight:onion":1,"minecraft:crafting_table":21,"minecraft:light_gray_concrete_powder":8,"minecraft:white_bed":7,"minecraft:apple":27,"minecraft:diamond_pickaxe":2,"chococraft:gysahl_green_seeds":24,"minecraft:iron_pickaxe":305,"minecraft:stone_axe":91,"minecraft:fishing_rod":79,"minecraft:cobblestone":68,"minecraft:porkchop":3,"minecraft:bucket":6,"minecraft:yellow_bed":1},"minecraft:mined":{"minecraft:large_amethyst_bud":1,"minecraft:spruce_planks":6,"minecraft:white_bed":1,"minecraft:mossy_stone_brick_slab":1,"minecraft:obsidian":27,"minecraft:granite":39,"minecraft:budding_amethyst":6,"minecraft:acacia_log":4,"minecraft:grass_block":22,"minecraft:polished_diorite":1,"epicsamurai:deepslate_jade_ore":5,"minecraft:tall_seagrass":2,"minecraft:raw_iron_block":8,"minecraft:magma_block":4,"gemsnjewels:dusk_emerald_deepslate_ore_block":2,"bno:nether_coal_ore":8,"minecraft:cobbled_deepslate":190,"minecraft:iron_ore":53,"minecraft:fire":13,"regions_unexplored:mossy_stone":15,"minecraft:deepslate_lapis_ore":6,"iceandfire:crackled_dirt":1,"minecraft:azure_bluet":1,"chococraft:gysahl_green":67,"minecraft:small_amethyst_bud":1,"iceandfire:gold_pile":31,"bno:nether_iron_ore":18,"epicsamurai:deepslate_silver_ore":6,"minecraft:iron_bars":1,"minecraft:light_gray_concrete":8,"minecraft:deepslate_redstone_ore":30,"minecraft:cut_sandstone":2,"minecraft:medium_amethyst_bud":1,"biomesoplenty:wildflower":2,"minecraft:torch":12,"minecraft:calcite":7,"minecraft:blast_furnace":5,"iceandfire:ghost_chest":3,"minecraft:dead_bush":1,"minecraft:nether_quartz_ore":17,"minecraft:cobblestone":4,"regions_unexplored:meadow_sage":2,"minecraft:grindstone":3,"minecraft:oak_planks":59,"minecraft:wall_torch":21,"minecraft:amethyst_block":52,"regions_unexplored:hyssop":13,"iceandfire:crackled_stone":13,"regions_unexplored:sandy_tall_grass":1,"minecraft:wheat":26,"epicsamurai:aquamarine_ore":4,"gemsnjewels:sapphire_deepslate_ore_block":1,"regions_unexplored:mauve_leaves":1,"minecraft:black_bed":1,"gamma_beasts:palm_tree_log":8,"minecraft:wither_rose":1,"minecraft:stone_brick_stairs":1,"regions_unexplored:steppe_grass":1,"minecraft:grass":351,"minecraft:oak_log":226,"minecraft:sand":20,"minecraft:dirt":47,"minecraft:smooth_basalt":1,"minecraft:raw_copper_block":9,"minecraft:stonecutter":2,"bno:nether_lapis_ore":4,"minecraft:netherrack":644,"minecraft:oak_leaves":15,"minecraft:deepslate":4981,"ars_nouveau:blue_archwood_sapling":11,"regions_unexplored:fireweed":14,"minecraft:nether_gold_ore":5,"alexscaves:spelunkery_table":1,"minecraft:crying_obsidian":1,"minecraft:tuff":324,"epicsamurai:deepslate_onyx_ore":5,"iceandfire:silver_ore":1,"minecraft:mossy_cobblestone":2,"minecraft:deepslate_diamond_ore":25,"regions_unexplored:barley":363,"biomesoplenty:desert_grass":37,"minecraft:dark_oak_log":1,"iceandfire:crackled_gravel":2,"minecraft:dark_oak_fence":2,"biomesoplenty:bush":3,"minecraft:spruce_leaves":1,"minecraft:potted_bamboo":1,"biomesoplenty:dune_grass":1,"minecraft:large_fern":1,"minecraft:hay_block":16,"minecraft:redstone_ore":7,"biomesoplenty:toadstool":1,"biomesoplenty:flesh":2,"minecraft:peony":1,"minecraft:gold_block":1,"minecraft:bookshelf":8,"minecraft:potatoes":1,"minecraft:deepslate_iron_ore":32,"minecraft:vine":1,"biomesoplenty:barley":86,"regions_unexplored:medium_grass":35,"minecraft:stone":2197,"regions_unexplored:redwood_log":101,"ars_nouveau:purple_archwood_log":65,"minecraft:smithing_table":1,"minecraft:acacia_leaves":3,"epicsamurai:jade_ore":2,"ars_nouveau:green_archwood_log":61,"minecraft:stone_brick_slab":4,"minecraft:dandelion":1,"epicsamurai:deepslate_aquamarine_ore":8,"minecraft:crafting_table":7,"minecraft:smooth_sandstone":6,"minecraft:cornflower":1,"minecraft:rose_bush":4,"ars_nouveau:purple_archwood_sapling":3,"minecraft:tall_grass":38,"minecraft:copper_ore":42,"regions_unexplored:mauve_log":2,"farmersdelight:wild_tomatoes":2,"minecraft:deepslate_gold_ore":47,"regions_unexplored:daisy":4,"bno:nether_copper_ore":3,"minecraft:air":142,"gamma_beasts:deepslate_prehnite_ore":3,"ars_nouveau:blue_archwood_log":220,"biomesoplenty:mahogany_log":98,"minecraft:spruce_log":12,"regions_unexplored:sandy_grass":3,"minecraft:coal_ore":39,"minecraft:gravel":33,"minecraft:acacia_door":1,"minecraft:cobweb":31,"minecraft:cracked_stone_bricks":1,"minecraft:stone_bricks":4,"minecraft:fern":10},"minecraft:killed":{"born_in_chaos_v1:restless_spirit":1,"born_in_chaos_v1:zombie_lumberjack":1,"minecraft:spider":7,"born_in_chaos_v1:baby_skeleton_minion":1,"born_in_chaos_v1:scarlet_persecutor":4,"minecraft:skeleton":11,"born_in_chaos_v1:skeleton_thrasher":1,"alexsmobs:kangaroo":1,"artifacts:mimic":1,"enemyexpansion:vampflyer":4,"born_in_chaos_v1:bonescaller":1,"minecraft:pig":1,"born_in_chaos_v1:diamond_termite":2,"minecraft:zombie_villager":3,"minecraft:creeper":1,"iceandfire:cockatrice":1,"minecraft:sheep":23,"minecraft:trader_llama":2,"minecraft:pillager":6,"enemyexpansion:meature":3,"minecraft:zombie":12,"enemyexpansion:vampire":3,"born_in_chaos_v1:corpse_fly":16,"enemyexpansion:botfly":4,"minecraft:cow":15,"chococraft:chocobo":1,"minecraft:vindicator":2,"alexsmobs:seagull":1,"born_in_chaos_v1:zombie_bruiser":2,"born_in_chaos_v1:maggot":12,"minecraft:phantom":2,"minecraft:horse":5,"born_in_chaos_v1:corpse_fish":1,"enemyexpansion:goblin":1,"born_in_chaos_v1:baby_skeleton":2,"born_in_chaos_v1:swarmer":3,"minecraft:bat":1,"enemyexpansion:troll":2,"enemyexpansion:sprinter":4,"born_in_chaos_v1:decrepit_skeleton":2,"alexsmobs:emu":4,"born_in_chaos_v1:bloody_gadfly":1,"sons_of_sins:betrayed_guzzler":1,"born_in_chaos_v1:dark_vortex":1,"enemyexpansion:slugger":2}},"DataVersion":3465}