{"stats":{"minecraft:mined":{"minecraft:spruce_planks":4,"regions_unexplored:barley":363,"biomesoplenty:desert_grass":2,"minecraft:dark_oak_log":1,"biomesoplenty:bush":1,"minecraft:grass_block":5,"minecraft:tall_grass":7,"minecraft:polished_diorite":1,"minecraft:spruce_leaves":1,"minecraft:oak_planks":58,"minecraft:hay_block":1,"biomesoplenty:toadstool":1,"minecraft:spruce_log":11,"minecraft:black_bed":1,"gamma_beasts:palm_tree_log":8,"minecraft:grass":55,"minecraft:bookshelf":7,"chococraft:gysahl_green":25,"minecraft:oak_log":25,"minecraft:iron_bars":1,"minecraft:sand":3,"minecraft:dirt":2,"minecraft:cobweb":21,"regions_unexplored:medium_grass":18,"minecraft:stone":22,"minecraft:oak_leaves":3,"minecraft:fern":1},"minecraft:dropped":{"minecraft:polished_diorite":1,"minecraft:stone_axe":2,"minecraft:wheat_seeds":23,"minecraft:cooked_chicken":2,"minecraft:brown_banner":1,"minecraft:dirt":17,"minecraft:hay_block":1,"minecraft:shield":1,"minecraft:golden_carrot":4,"minecraft:spruce_planks":2,"biomesoplenty:wildflower":4,"minecraft:iron_leggings":129,"minecraft:iron_bars":3,"minecraft:wooden_pickaxe":3,"minecraft:iron_pickaxe":1,"minecraft:white_wool":4,"minecraft:spruce_sapling":2},"minecraft:killed":{"minecraft:zombie_villager":3,"alexsmobs:seagull":1,"iceandfire:cockatrice":1,"minecraft:sheep":1,"minecraft:horse":3,"enemyexpansion:meature":1,"minecraft:zombie":2,"minecraft:cow":6},"minecraft:custom":{"minecraft:interact_with_furnace":15,"minecraft:mob_kills":18,"minecraft:interact_with_crafting_table":21,"minecraft:time_since_death":13494,"minecraft:sleep_in_bed":1,"minecraft:climb_one_cm":5268,"minecraft:time_since_rest":13627,"minecraft:waystone_activated":1,"minecraft:sprint_one_cm":548412,"minecraft:damage_taken":6435,"minecraft:walk_one_cm":181104,"minecraft:damage_blocked_by_shield":875,"minecraft:drop":175,"minecraft:damage_dealt":4006,"minecraft:swim_one_cm":55357,"minecraft:fly_one_cm":424142,"minecraft:open_chest":17,"minecraft:crouch_one_cm":7136,"minecraft:play_time":149249,"minecraft:deaths":18,"minecraft:sneak_time":1922,"minecraft:walk_under_water_one_cm":18026,"minecraft:boat_one_cm":3607,"minecraft:jump":1833,"minecraft:walk_on_water_one_cm":19589,"minecraft:total_world_time":149249,"minecraft:fall_one_cm":47349},"minecraft:crafted":{"sophisticatedbackpacks:backpack":1,"minecraft:crafting_table":3,"minecraft:spruce_planks":52,"minecraft:wooden_pickaxe":1,"minecraft:iron_sword":1,"minecraft:furnace":2,"minecraft:stone_axe":2,"minecraft:bread":80,"minecraft:air":0,"minecraft:oak_boat":4,"gamma_beasts:palm_tree_planks":32,"minecraft:shield":2,"minecraft:iron_axe":1,"minecraft:stick":28,"minecraft:wooden_axe":1,"minecraft:chest":2,"minecraft:dark_oak_planks":8,"sophisticatedbackpacks:iron_backpack":2},"minecraft:used":{"sophisticatedbackpacks:iron_backpack":1,"minecraft:oak_planks":3,"minecraft:chest":1,"minecraft:wooden_pickaxe":23,"minecraft:spruce_planks":2,"minecraft:shield":25,"minecraft:iron_sword":104,"minecraft:iron_chestplate":1,"minecraft:mutton":1,"minecraft:crafting_table":3,"minecraft:black_bed":1,"minecraft:wooden_axe":41,"minecraft:iron_axe":33,"minecraft:bread":37,"minecraft:iron_pickaxe":2,"minecraft:iron_helmet":1,"minecraft:iron_boots":1,"minecraft:stone_axe":53,"minecraft:golden_sword":27,"ars_nouveau:sourceberry_bush":1,"minecraft:furnace":2,"chococraft:gysahl_green":3,"minecraft:oak_boat":4,"minecraft:experience_bottle":2,"minecraft:iron_leggings":6},"minecraft:picked_up":{"minecraft:iron_chestplate":1,"chococraft:loverly_gysahl_green":1,"minecraft:feather":2,"minecraft:golden_carrot":4,"iceandfire:witherbone":2,"minecraft:leather":6,"minecraft:black_bed":1,"minecraft:wooden_pickaxe":2,"minecraft:enchanted_book":1,"minecraft:oak_log":24,"minecraft:shield":1,"minecraft:string":19,"minecraft:dirt":17,"minecraft:moss_carpet":5,"minecraft:iron_leggings":65,"minecraft:bone":2,"minecraft:experience_bottle":2,"chococraft:gysahl_green":54,"chococraft:gold_gysahl":1,"minecraft:wheat_seeds":25,"minecraft:beef":7,"minecraft:spruce_planks":16,"minecraft:spruce_wood":6,"minecraft:iron_ingot":38,"minecraft:cooked_chicken":2,"minecraft:oak_boat":2,"biomesoplenty:wildflower":4,"minecraft:oak_planks":55,"minecraft:iron_boots":1,"biomesoplenty:toadstool":1,"minecraft:book":21,"minecraft:stick":3,"sophisticatedbackpacks:backpack":2,"gamma_beasts:palm_tree_log":8,"minecraft:sand":3,"minecraft:spruce_sapling":4,"chococraft:gysahl_green_seeds":24,"minecraft:ink_sac":1,"minecraft:spruce_log":13,"minecraft:dark_oak_log":2,"regions_unexplored:barley":246,"minecraft:polished_diorite":1,"minecraft:rotten_flesh":11,"minecraft:slime_ball":2,"waystones:waystone":1,"minecraft:iron_helmet":1,"minecraft:hay_block":1,"minecraft:gold_ingot":1,"minecraft:bread":5,"minecraft:oak_sapling":3,"minecraft:brown_banner":1,"minecraft:mutton":2,"minecraft:iron_bars":3,"minecraft:white_wool":4,"minecraft:cobblestone":22}},"DataVersion":3465}