{"stats":{"minecraft:mined":{"minecraft:white_bed":1,"minecraft:tuff":5,"minecraft:spruce_planks":4,"minecraft:deepslate_diamond_ore":5,"regions_unexplored:barley":363,"minecraft:dark_oak_log":1,"biomesoplenty:desert_grass":16,"minecraft:dark_oak_fence":2,"minecraft:granite":39,"minecraft:acacia_log":4,"biomesoplenty:bush":1,"minecraft:grass_block":19,"minecraft:polished_diorite":1,"minecraft:spruce_leaves":1,"biomesoplenty:dune_grass":1,"minecraft:hay_block":1,"epicsamurai:deepslate_jade_ore":5,"minecraft:redstone_ore":7,"biomesoplenty:toadstool":1,"minecraft:iron_ore":40,"minecraft:cobbled_deepslate":98,"minecraft:azure_bluet":1,"chococraft:gysahl_green":25,"minecraft:bookshelf":7,"minecraft:deepslate_iron_ore":10,"minecraft:iron_bars":1,"regions_unexplored:medium_grass":26,"minecraft:stone":1997,"minecraft:cut_sandstone":2,"minecraft:acacia_leaves":3,"epicsamurai:jade_ore":2,"minecraft:smooth_sandstone":6,"minecraft:dandelion":1,"minecraft:crafting_table":2,"minecraft:cornflower":1,"minecraft:torch":2,"minecraft:rose_bush":1,"minecraft:copper_ore":33,"minecraft:tall_grass":21,"regions_unexplored:mauve_log":2,"regions_unexplored:meadow_sage":1,"regions_unexplored:daisy":2,"minecraft:oak_planks":58,"minecraft:wall_torch":8,"regions_unexplored:hyssop":2,"regions_unexplored:sandy_tall_grass":1,"regions_unexplored:steppe_grass":1,"epicsamurai:aquamarine_ore":4,"minecraft:spruce_log":12,"regions_unexplored:mauve_leaves":1,"minecraft:black_bed":1,"gamma_beasts:palm_tree_log":8,"regions_unexplored:sandy_grass":3,"minecraft:grass":116,"minecraft:coal_ore":16,"minecraft:oak_log":28,"minecraft:gravel":25,"minecraft:sand":3,"minecraft:dirt":47,"minecraft:cobweb":21,"regions_unexplored:fireweed":3,"minecraft:oak_leaves":5,"minecraft:deepslate":673,"minecraft:fern":1},"minecraft:dropped":{"minecraft:water_bucket":1,"minecraft:bread":26,"regions_unexplored:fireweed":3,"minecraft:wheat_seeds":44,"minecraft:glow_ink_sac":2,"gamma_beasts:coal_nugget":4,"onlyhammers:stone_hammer":4,"minecraft:cookie":9,"minecraft:cobblestone":71,"minecraft:iron_helmet":1,"aquaculture:minnow":12,"minecraft:tropical_fish":1,"born_in_chaos_v1:pieceofdarkmetal":1,"aquaculture:driftwood":1,"minecraft:brown_banner":1,"regions_unexplored:daisy":4,"minecraft:dirt":17,"minecraft:dark_oak_fence":2,"minecraft:golden_carrot":4,"minecraft:torch":3,"minecraft:cornflower":1,"chococraft:chocobo_drumstick_raw":1,"skilltree:gem":13,"epicsamurai:jade":1,"minecraft:iron_leggings":137,"minecraft:bone_meal":1,"minecraft:iron_pickaxe":1,"minecraft:fishing_rod":2,"minecraft:white_wool":4,"minecraft:dandelion":2,"minecraft:spruce_sapling":2,"biomesoplenty:toadstool":1,"minecraft:polished_diorite":1,"minecraft:moss_carpet":5,"minecraft:stone_axe":2,"minecraft:cooked_chicken":2,"minecraft:tuff":5,"minecraft:raw_iron":39,"minecraft:wheat":2,"minecraft:rotten_flesh":4,"regions_unexplored:hyssop":7,"minecraft:azure_bluet":1,"better_fishing_rods:rare_enchantment_book":1,"minecraft:hay_block":1,"minecraft:shield":1,"aquaculture:algae":1,"minecraft:spruce_planks":2,"aquaculture:bluegill":8,"born_in_chaos_v1:corpse_maggot":10,"biomesoplenty:wildflower":4,"minecraft:leather_boots":1,"minecraft:oak_sapling":6,"minecraft:arrow":1,"minecraft:iron_bars":3,"minecraft:wooden_pickaxe":3},"minecraft:killed":{"minecraft:vindicator":1,"minecraft:spider":1,"alexsmobs:seagull":1,"born_in_chaos_v1:zombie_bruiser":1,"born_in_chaos_v1:maggot":6,"minecraft:phantom":2,"minecraft:horse":3,"born_in_chaos_v1:corpse_fish":1,"enemyexpansion:goblin":1,"enemyexpansion:vampflyer":1,"minecraft:zombie_villager":3,"born_in_chaos_v1:swarmer":1,"iceandfire:cockatrice":1,"minecraft:sheep":17,"minecraft:trader_llama":2,"minecraft:pillager":1,"enemyexpansion:meature":1,"minecraft:zombie":3,"enemyexpansion:vampire":1,"born_in_chaos_v1:corpse_fly":7,"chococraft:chocobo":1,"minecraft:cow":11},"minecraft:custom":{"minecraft:interact_with_smithing_table":2,"minecraft:mob_kills":68,"minecraft:interact_with_crafting_table":41,"minecraft:damage_dealt_resisted":48,"minecraft:time_since_death":593,"minecraft:climb_one_cm":6684,"minecraft:sprint_one_cm":972866,"minecraft:walk_one_cm":282671,"minecraft:damage_blocked_by_shield":875,"minecraft:drop":260,"minecraft:talked_to_villager":3,"minecraft:play_time":293249,"minecraft:deaths":23,"minecraft:sneak_time":4455,"minecraft:walk_under_water_one_cm":21751,"minecraft:boat_one_cm":3607,"minecraft:jump":3197,"minecraft:walk_on_water_one_cm":59708,"minecraft:total_world_time":293249,"minecraft:interact_with_furnace":21,"minecraft:sleep_in_bed":2,"minecraft:time_since_rest":619,"minecraft:waystone_activated":6,"minecraft:damage_taken":9911,"minecraft:damage_dealt":12792,"minecraft:swim_one_cm":58557,"minecraft:fly_one_cm":659976,"minecraft:open_chest":35,"minecraft:crouch_one_cm":9895,"minecraft:fish_caught":49,"minecraft:fall_one_cm":74623},"minecraft:crafted":{"minecraft:oak_planks":28,"minecraft:stone_shovel":1,"minecraft:fishing_rod":3,"minecraft:furnace":2,"aquaculture:fish_fillet_raw":69,"regions_unexplored:mauve_planks":12,"minecraft:iron_axe":1,"minecraft:chest":4,"minecraft:dark_oak_planks":8,"sophisticatedbackpacks:iron_backpack":2,"sophisticatedbackpacks:backpack":1,"minecraft:crafting_table":8,"minecraft:spruce_planks":60,"farmersdelight:flint_knife":1,"minecraft:wooden_pickaxe":1,"minecraft:iron_sword":1,"better_fishing_rods:lucky_fishing_rod":1,"minecraft:stone_axe":2,"minecraft:bread":80,"minecraft:air":0,"minecraft:oak_boat":4,"minecraft:charcoal":6,"gamma_beasts:palm_tree_planks":32,"minecraft:shield":2,"minecraft:stick":76,"minecraft:wooden_axe":1,"minecraft:white_bed":3,"minecraft:acacia_planks":32,"onlyhammers:stone_hammer":6,"minecraft:torch":16},"minecraft:broken":{"onlyhammers:stone_hammer":2,"minecraft:iron_axe":1,"minecraft:iron_helmet":1},"minecraft:used":{"sophisticatedbackpacks:iron_backpack":2,"minecraft:stone_shovel":75,"minecraft:spruce_planks":2,"minecraft:chest":3,"minecraft:shield":25,"minecraft:iron_sword":226,"minecraft:iron_chestplate":1,"minecraft:torch":25,"better_fishing_rods:lucky_fishing_rod":8,"minecraft:mutton":1,"regions_unexplored:mauve_sapling":1,"minecraft:wooden_axe":41,"minecraft:iron_axe":145,"minecraft:smooth_sandstone":2,"minecraft:iron_helmet":1,"minecraft:iron_boots":1,"minecraft:golden_sword":27,"minecraft:furnace":2,"ars_nouveau:sourceberry_bush":1,"minecraft:golden_axe":6,"minecraft:cobbled_deepslate":326,"minecraft:iron_leggings":7,"minecraft:water_bucket":5,"minecraft:oak_planks":3,"minecraft:wooden_pickaxe":23,"minecraft:cookie":1,"minecraft:crafting_table":10,"minecraft:white_bed":4,"minecraft:black_bed":1,"onlyhammers:stone_hammer":3064,"waystones:waystone":5,"minecraft:bread":75,"minecraft:iron_pickaxe":189,"minecraft:gravel":8,"minecraft:stone_axe":53,"minecraft:fishing_rod":79,"minecraft:cobblestone":39,"minecraft:bucket":4,"chococraft:gysahl_green":3,"minecraft:oak_boat":4,"minecraft:experience_bottle":2},"minecraft:picked_up":{"minecraft:fishing_rod":1,"minecraft:crafting_table":2,"chococraft:loverly_gysahl_green":1,"minecraft:iron_chestplate":1,"minecraft:wheat":2,"minecraft:azure_bluet":1,"minecraft:chainmail_boots":1,"iceandfire:witherbone":2,"aquaculture:catfish":1,"minecraft:lead":2,"minecraft:wooden_pickaxe":2,"minecraft:enchanted_book":1,"minecraft:shield":1,"minecraft:cornflower":1,"minecraft:string":19,"aquaculture:muskellunge":1,"minecraft:moss_carpet":5,"minecraft:raw_copper":95,"better_fishing_rods:lucky_pad_fragment":8,"minecraft:iron_leggings":65,"epicsamurai:jade":7,"minecraft:pufferfish":3,"minecraft:experience_bottle":2,"aquaculture:bluegill":8,"minecraft:cobbled_deepslate":585,"minecraft:spruce_planks":16,"minecraft:beef":15,"minecraft:oak_boat":2,"onlyhammers:stone_hammer":2,"biomesoplenty:wildflower":4,"minecraft:iron_boots":1,"minecraft:stick":3,"minecraft:raw_iron":46,"minecraft:torch":12,"minecraft:acacia_log":8,"aquaculture:driftwood":1,"sophisticatedbackpacks:backpack":2,"aquaculture:perch":6,"minecraft:cookie":10,"born_in_chaos_v1:pieceofdarkmetal":1,"minecraft:redstone":22,"regions_unexplored:daisy":4,"regions_unexplored:barley":246,"minecraft:arrow":1,"minecraft:rotten_flesh":16,"regions_unexplored:mauve_sapling":1,"minecraft:tropical_fish":1,"aquaculture:algae":1,"regions_unexplored:mauve_log":3,"aquaculture:brown_trout":4,"minecraft:hay_block":1,"aquaculture:carp":1,"gamma_beasts:coal_nugget":5,"minecraft:gold_ingot":1,"chococraft:chocobo_drumstick_raw":1,"minecraft:mutton":22,"minecraft:cod":9,"minecraft:iron_bars":3,"minecraft:cobblestone":1570,"minecraft:white_wool":20,"born_in_chaos_v1:corpse_maggot":10,"minecraft:glow_ink_sac":2,"minecraft:feather":2,"minecraft:golden_carrot":4,"minecraft:tripwire_hook":1,"minecraft:water_bucket":1,"minecraft:salmon":8,"minecraft:cut_sandstone":2,"minecraft:black_bed":1,"minecraft:leather":9,"minecraft:flint":2,"minecraft:tuff":5,"minecraft:oak_log":29,"minecraft:gunpowder":2,"skilltree:gem":20,"better_fishing_rods:epic_enchantment_book":2,"minecraft:dirt":97,"minecraft:leather_boots":1,"better_fishing_rods:common_enchantment_book":7,"chococraft:chocobo_feather":2,"minecraft:smooth_sandstone":6,"minecraft:bone":3,"chococraft:gysahl_green":54,"minecraft:apple":1,"chococraft:gold_gysahl":1,"minecraft:wheat_seeds":46,"minecraft:spruce_wood":6,"minecraft:iron_ingot":57,"minecraft:cooked_chicken":2,"aquaculture:minnow":12,"epicsamurai:aquamarine":4,"minecraft:oak_planks":55,"minecraft:book":21,"biomesoplenty:toadstool":1,"aquaculture:smallmouth_bass":2,"aquaculture:gar":1,"minecraft:white_bed":1,"minecraft:dandelion":2,"minecraft:gravel":23,"gamma_beasts:palm_tree_log":8,"minecraft:sand":3,"chococraft:gysahl_green_seeds":24,"minecraft:spruce_sapling":4,"minecraft:ink_sac":1,"minecraft:spruce_log":15,"minecraft:dark_oak_log":2,"better_fishing_rods:lucky_pad":1,"regions_unexplored:hyssop":7,"regions_unexplored:fireweed":3,"minecraft:slime_ball":4,"minecraft:diamond":5,"better_fishing_rods:rare_enchantment_book":4,"minecraft:polished_diorite":1,"waystones:waystone":5,"minecraft:iron_helmet":1,"minecraft:granite":39,"minecraft:bone_meal":1,"minecraft:emerald":1,"minecraft:bread":30,"minecraft:dark_oak_fence":2,"minecraft:oak_sapling":6,"minecraft:brown_banner":1,"minecraft:coal":16}},"DataVersion":3465}