{"stats":{"minecraft:mined":{"minecraft:grass":17,"minecraft:bookshelf":4,"regions_unexplored:barley":292,"regions_unexplored:medium_grass":12,"minecraft:black_bed":1},"minecraft:killed":{"minecraft:sheep":1},"minecraft:custom":{"minecraft:time_since_rest":5249,"minecraft:crouch_one_cm":6610,"minecraft:play_time":5249,"minecraft:sprint_one_cm":7272,"minecraft:damage_taken":200,"minecraft:walk_one_cm":28173,"minecraft:sneak_time":1557,"minecraft:mob_kills":1,"minecraft:jump":50,"minecraft:damage_dealt":241,"minecraft:time_since_death":5249,"minecraft:total_world_time":5249,"minecraft:climb_one_cm":1614,"minecraft:fall_one_cm":747,"minecraft:fly_one_cm":6245},"minecraft:used":{"minecraft:mutton":1},"minecraft:picked_up":{"minecraft:book":12,"regions_unexplored:barley":201,"minecraft:black_bed":1,"minecraft:wheat_seeds":4,"minecraft:mutton":2,"minecraft:white_wool":2}},"DataVersion":3465}