{"stats":{"minecraft:mined":{"minecraft:spruce_planks":4,"regions_unexplored:barley":363,"minecraft:dark_oak_log":1,"biomesoplenty:desert_grass":12,"minecraft:granite":39,"minecraft:acacia_log":3,"biomesoplenty:bush":1,"minecraft:grass_block":8,"minecraft:polished_diorite":1,"minecraft:spruce_leaves":1,"minecraft:hay_block":1,"epicsamurai:deepslate_jade_ore":5,"minecraft:redstone_ore":7,"biomesoplenty:toadstool":1,"minecraft:iron_ore":30,"minecraft:cobbled_deepslate":61,"minecraft:azure_bluet":1,"chococraft:gysahl_green":25,"minecraft:bookshelf":7,"minecraft:deepslate_iron_ore":1,"minecraft:iron_bars":1,"regions_unexplored:medium_grass":18,"minecraft:stone":715,"minecraft:acacia_leaves":3,"epicsamurai:jade_ore":2,"minecraft:dandelion":1,"minecraft:crafting_table":2,"minecraft:cornflower":1,"minecraft:torch":1,"minecraft:copper_ore":12,"minecraft:tall_grass":12,"minecraft:oak_planks":58,"minecraft:wall_torch":3,"epicsamurai:aquamarine_ore":4,"minecraft:spruce_log":12,"minecraft:black_bed":1,"gamma_beasts:palm_tree_log":8,"minecraft:grass":88,"minecraft:coal_ore":13,"minecraft:oak_log":25,"minecraft:gravel":9,"minecraft:sand":3,"minecraft:dirt":6,"minecraft:cobweb":21,"minecraft:oak_leaves":4,"minecraft:deepslate":268,"minecraft:fern":1},"minecraft:dropped":{"minecraft:wheat_seeds":29,"gamma_beasts:coal_nugget":4,"minecraft:iron_helmet":1,"aquaculture:minnow":6,"aquaculture:driftwood":1,"minecraft:brown_banner":1,"minecraft:dirt":17,"minecraft:golden_carrot":4,"minecraft:cornflower":1,"skilltree:gem":5,"minecraft:iron_leggings":130,"minecraft:iron_pickaxe":1,"minecraft:fishing_rod":2,"minecraft:white_wool":4,"minecraft:dandelion":1,"minecraft:spruce_sapling":2,"biomesoplenty:toadstool":1,"minecraft:polished_diorite":1,"minecraft:moss_carpet":5,"minecraft:stone_axe":2,"minecraft:cooked_chicken":2,"minecraft:azure_bluet":1,"better_fishing_rods:rare_enchantment_book":1,"minecraft:hay_block":1,"minecraft:shield":1,"aquaculture:algae":1,"minecraft:spruce_planks":2,"biomesoplenty:wildflower":4,"minecraft:leather_boots":1,"minecraft:oak_sapling":6,"minecraft:iron_bars":3,"minecraft:wooden_pickaxe":3},"minecraft:killed":{"minecraft:spider":1,"alexsmobs:seagull":1,"born_in_chaos_v1:maggot":2,"minecraft:horse":3,"born_in_chaos_v1:corpse_fish":1,"minecraft:zombie_villager":3,"born_in_chaos_v1:swarmer":1,"iceandfire:cockatrice":1,"minecraft:sheep":1,"enemyexpansion:meature":1,"minecraft:zombie":2,"born_in_chaos_v1:corpse_fly":4,"minecraft:cow":6},"minecraft:custom":{"minecraft:interact_with_smithing_table":2,"minecraft:mob_kills":27,"minecraft:interact_with_crafting_table":32,"minecraft:time_since_death":85494,"minecraft:climb_one_cm":5268,"minecraft:sprint_one_cm":634129,"minecraft:walk_one_cm":217302,"minecraft:damage_blocked_by_shield":875,"minecraft:drop":198,"minecraft:play_time":221249,"minecraft:deaths":18,"minecraft:sneak_time":2546,"minecraft:walk_under_water_one_cm":19061,"minecraft:boat_one_cm":3607,"minecraft:jump":2248,"minecraft:walk_on_water_one_cm":41438,"minecraft:total_world_time":221249,"minecraft:interact_with_furnace":21,"minecraft:sleep_in_bed":2,"minecraft:time_since_rest":60441,"minecraft:waystone_activated":2,"minecraft:damage_taken":7020,"minecraft:damage_dealt":5712,"minecraft:swim_one_cm":56841,"minecraft:fly_one_cm":478482,"minecraft:open_chest":23,"minecraft:crouch_one_cm":7603,"minecraft:fish_caught":49,"minecraft:fall_one_cm":55069},"minecraft:crafted":{"minecraft:oak_planks":8,"minecraft:fishing_rod":3,"minecraft:furnace":2,"aquaculture:fish_fillet_raw":69,"minecraft:iron_axe":1,"minecraft:chest":2,"minecraft:dark_oak_planks":8,"sophisticatedbackpacks:iron_backpack":2,"sophisticatedbackpacks:backpack":1,"minecraft:crafting_table":5,"minecraft:spruce_planks":60,"farmersdelight:flint_knife":1,"minecraft:wooden_pickaxe":1,"minecraft:iron_sword":1,"better_fishing_rods:lucky_fishing_rod":1,"minecraft:stone_axe":2,"minecraft:bread":80,"minecraft:air":0,"minecraft:oak_boat":4,"minecraft:charcoal":6,"gamma_beasts:palm_tree_planks":32,"minecraft:shield":2,"minecraft:stick":76,"minecraft:wooden_axe":1,"minecraft:acacia_planks":24,"onlyhammers:stone_hammer":3,"minecraft:torch":16},"minecraft:broken":{"onlyhammers:stone_hammer":1},"minecraft:used":{"sophisticatedbackpacks:iron_backpack":1,"minecraft:spruce_planks":2,"minecraft:chest":1,"minecraft:shield":25,"minecraft:iron_sword":104,"minecraft:iron_chestplate":1,"minecraft:torch":7,"better_fishing_rods:lucky_fishing_rod":8,"minecraft:mutton":1,"minecraft:wooden_axe":41,"minecraft:iron_axe":86,"minecraft:iron_helmet":1,"minecraft:iron_boots":1,"minecraft:golden_sword":27,"minecraft:furnace":2,"ars_nouveau:sourceberry_bush":1,"minecraft:cobbled_deepslate":90,"minecraft:iron_leggings":6,"minecraft:water_bucket":1,"minecraft:oak_planks":3,"minecraft:wooden_pickaxe":23,"minecraft:crafting_table":7,"minecraft:black_bed":1,"onlyhammers:stone_hammer":1162,"waystones:waystone":1,"minecraft:bread":47,"minecraft:iron_pickaxe":106,"minecraft:gravel":1,"minecraft:stone_axe":53,"minecraft:fishing_rod":79,"minecraft:cobblestone":36,"chococraft:gysahl_green":3,"minecraft:oak_boat":4,"minecraft:experience_bottle":2},"minecraft:picked_up":{"minecraft:fishing_rod":1,"minecraft:crafting_table":2,"chococraft:loverly_gysahl_green":1,"minecraft:iron_chestplate":1,"minecraft:azure_bluet":1,"minecraft:chainmail_boots":1,"iceandfire:witherbone":2,"aquaculture:catfish":1,"minecraft:wooden_pickaxe":2,"minecraft:enchanted_book":1,"minecraft:shield":1,"minecraft:cornflower":1,"minecraft:string":19,"aquaculture:muskellunge":1,"minecraft:moss_carpet":5,"minecraft:raw_copper":41,"better_fishing_rods:lucky_pad_fragment":8,"minecraft:iron_leggings":65,"epicsamurai:jade":7,"minecraft:pufferfish":3,"minecraft:experience_bottle":2,"aquaculture:bluegill":4,"minecraft:cobbled_deepslate":217,"minecraft:spruce_planks":16,"minecraft:beef":7,"minecraft:oak_boat":2,"biomesoplenty:wildflower":4,"minecraft:iron_boots":1,"minecraft:stick":3,"minecraft:raw_iron":31,"minecraft:torch":6,"minecraft:acacia_log":6,"aquaculture:driftwood":1,"sophisticatedbackpacks:backpack":2,"aquaculture:perch":6,"minecraft:redstone":22,"regions_unexplored:barley":246,"minecraft:rotten_flesh":11,"minecraft:tropical_fish":1,"aquaculture:algae":1,"aquaculture:brown_trout":4,"minecraft:hay_block":1,"aquaculture:carp":1,"gamma_beasts:coal_nugget":4,"minecraft:gold_ingot":1,"minecraft:mutton":2,"minecraft:cod":9,"minecraft:iron_bars":3,"minecraft:cobblestone":613,"minecraft:white_wool":4,"born_in_chaos_v1:corpse_maggot":5,"minecraft:feather":2,"minecraft:golden_carrot":4,"minecraft:tripwire_hook":1,"minecraft:salmon":8,"minecraft:black_bed":1,"minecraft:leather":6,"minecraft:flint":1,"minecraft:oak_log":24,"skilltree:gem":14,"better_fishing_rods:epic_enchantment_book":2,"minecraft:dirt":24,"minecraft:leather_boots":1,"better_fishing_rods:common_enchantment_book":7,"minecraft:bone":2,"chococraft:gysahl_green":54,"chococraft:gold_gysahl":1,"minecraft:wheat_seeds":31,"minecraft:spruce_wood":6,"minecraft:iron_ingot":38,"minecraft:cooked_chicken":2,"aquaculture:minnow":12,"epicsamurai:aquamarine":4,"minecraft:oak_planks":55,"minecraft:book":21,"biomesoplenty:toadstool":1,"aquaculture:smallmouth_bass":2,"aquaculture:gar":1,"minecraft:dandelion":1,"minecraft:gravel":8,"gamma_beasts:palm_tree_log":8,"minecraft:sand":3,"chococraft:gysahl_green_seeds":24,"minecraft:spruce_sapling":4,"minecraft:ink_sac":1,"minecraft:spruce_log":15,"minecraft:dark_oak_log":2,"better_fishing_rods:lucky_pad":1,"minecraft:slime_ball":4,"better_fishing_rods:rare_enchantment_book":4,"minecraft:polished_diorite":1,"waystones:waystone":2,"minecraft:iron_helmet":1,"minecraft:granite":39,"minecraft:bone_meal":1,"minecraft:bread":5,"minecraft:oak_sapling":6,"minecraft:brown_banner":1,"minecraft:coal":13}},"DataVersion":3465}